+ cd /afs/cern.ch/work/t/tofitsch/harry/FrequentistFramework/quickFit
+ . setup_lxplus.sh
++ export ATLAS_LOCAL_ROOT_BASE=/cvmfs/atlas.cern.ch/repo/ATLASLocalRootBase
++ ATLAS_LOCAL_ROOT_BASE=/cvmfs/atlas.cern.ch/repo/ATLASLocalRootBase
++ source /cvmfs/atlas.cern.ch/repo/ATLASLocalRootBase/user/atlasLocalSetup.sh
+++ echo hxB
+++ grep -e e
+++ '[' -z ']'
+++ echo hxB
+++ grep -e i
+++ '[' 1 -eq 0 ']'
+++ export ALRB_initialSetup=True
+++ ALRB_initialSetup=True
+++ alrb_progname=atlasLocalSetup.sh
+++ export ATLAS_LOCAL_SETUP_OPTIONS=
+++ ATLAS_LOCAL_SETUP_OPTIONS=
+++ [[ ! -z '' ]]
+++ [[ ! -z '' ]]
+++ atlantisVersionVal=dynamic
+++ davixVersionVal=dynamic
+++ eiClientVersionVal=dynamic
+++ emiVersionVal=dynamic
+++ gccVersionVal=dynamic
+++ pacmanVersionVal=dynamic
+++ rootVersionVal=dynamic
+++ pandaClientVersionVal=dynamic
+++ asetupVersionVal=dynamic
+++ rucioVersionVal=dynamic
+++ rucioclientsVersionVal=dynamic
+++ xrootdVersionVal=dynamic
+++ pyAMIVersionVal=dynamic
+++ rcSetupVersionVal=dynamic
+++ export ALRB_allowSL6onSL5=NO
+++ ALRB_allowSL6onSL5=NO
+++ [[ -z '' ]]
+++ unset ATLAS_LOCAL_ROOT_ARCH_OVERRIDE
+++ unset ALRB_OSTYPE_OVERRIDE
+++ unset ALRB_OSMAJORVER_OVERRIDE
+++ alrb_Quiet=NO
+++ alrb_quietOpt=
+++ alrb_noLocalPostSetup=NO
+++ alrb_container=
+++ alrb_setPy=
+++ '[' -z ']'
+++ export ALRB_RELOCATECVMFS=NO
+++ ALRB_RELOCATECVMFS=NO
+++ '[' -z ']'
+++ export ALRB_RELOCATEALRB=NO
+++ ALRB_RELOCATEALRB=NO
+++ '[' -z ']'
+++ ALRB_testPath=
+++ '[' '!' -z ']'
+++ alrb_toSetupContainer=NO
+++ echo ''
+++ grep -e '-c[[:space:]]\+' -e '-c$' -e '--container[[:space:]]\+' -e '--container$'
+++ '[' 1 -eq 0 ']'
+++ alrb_shortopts=h,q,p,t:,o:,3,2
+++ alrb_longopts=help,quiet,noLocalPostSetup,test:,relocateCvmfs,overrideARCH:,pacmanVersion:,rootVersion:,pandaClientVersion:,gccVersion:,asetupVersion:,rucioVersion:,pyAMIVersion:,emiVersion:,xrootdVersion:,rcSetupVersion:,rucioclientsVersion:,atlantisVersion:,davixVersion:,eiClientVersion:
++++ /cvmfs/atlas.cern.ch/repo/ATLASLocalRootBase/utilities/wrapper_parseOptions.sh bash h,q,p,t:,o:,3,2 help,quiet,noLocalPostSetup,test:,relocateCvmfs,overrideARCH:,pacmanVersion:,rootVersion:,pandaClientVersion:,gccVersion:,asetupVersion:,rucioVersion:,pyAMIVersion:,emiVersion:,xrootdVersion:,rcSetupVersion:,rucioclientsVersion:,atlantisVersion:,davixVersion:,eiClientVersion: atlasLocalSetup.sh
+++ alrb_opts=--
+++ '[' 0 -ne 0 ']'
+++ eval set -- --
++++ set -- --
+++ '[' 1 -gt 0 ']'
+++ : debug: --
+++ case $1 in
+++ shift
+++ break
+++ export ALRB_testPath=,,
+++ ALRB_testPath=,,
+++ '[' -z /cvmfs/atlas.cern.ch/repo/ATLASLocalRootBase ']'
+++ '[' '!' -z ']'
+++ '[' NO = YES ']'
+++ source /cvmfs/atlas.cern.ch/repo/ATLASLocalRootBase/utilities/checkAtlasLocalRoot.sh
++++ '[' -z /cvmfs/atlas.cern.ch/repo/ATLASLocalRootBase ']'
++++ '[' -z ']'
+++++ /cvmfs/atlas.cern.ch/repo/ATLASLocalRootBase/utilities/getScratch.sh scratch
++++ alrb_result=/afs/cern.ch/user/t/tofitsch/.alrb
++++ '[' 0 -ne 0 ']'
++++ export ALRB_SCRATCH=/afs/cern.ch/user/t/tofitsch/.alrb
++++ ALRB_SCRATCH=/afs/cern.ch/user/t/tofitsch/.alrb
++++ '[' -z ']'
+++++ /cvmfs/atlas.cern.ch/repo/ATLASLocalRootBase/utilities/getScratch.sh tmp
++++ alrb_result=/tmp/tofitsch/tofitsch/.alrb
++++ '[' 0 -ne 0 ']'
++++ export ALRB_tmpScratch=/tmp/tofitsch/tofitsch/.alrb
++++ ALRB_tmpScratch=/tmp/tofitsch/tofitsch/.alrb
+++++ echo /cvmfs/atlas.cern.ch/repo/ATLASLocalRootBase
+++++ sed 's/\/$//'
++++ alrb_tmpVal=/cvmfs/atlas.cern.ch/repo/ATLASLocalRootBase
++++ '[' /cvmfs/atlas.cern.ch/repo/ATLASLocalRootBase '!=' /cvmfs/atlas.cern.ch/repo/ATLASLocalRootBase ']'
+++++ /cvmfs/atlas.cern.ch/repo/ATLASLocalRootBase/utilities/getOSType.sh
++++ alrb_osInfo='Linux 9 8 el'
+++++ echo Linux 9 8 el
+++++ cut -f 1 -d ' '
++++ alrb_osType=Linux
++++ '[' -z ']'
++++ export ALRB_OSTYPE=Linux
++++ ALRB_OSTYPE=Linux
+++++ echo Linux 9 8 el
+++++ cut -f 2 -d ' '
++++ alrb_osMajorVer=9
++++ '[' -z ']'
++++ export ALRB_OSMAJORVER=9
++++ ALRB_OSMAJORVER=9
+++++ echo Linux 9 8 el
+++++ cut -f 4 -d ' '
++++ alrb_osFlavor=el
++++ '[' -z ']'
++++ export ALRB_OSFLAVOR=el
++++ ALRB_OSFLAVOR=el
++++ unset alrb_osInfo alrb_osType alrb_osMajorVer alrb_osFlavor
++++ '[' -z ']'
+++++ /cvmfs/atlas.cern.ch/repo/ATLASLocalRootBase/utilities/getArchType.sh
++++ ATLAS_LOCAL_ROOT_ARCH=x86_64
++++ ATLAS_LOCAL_ROOT=/cvmfs/atlas.cern.ch/repo/ATLASLocalRootBase/x86_64
++++ '[' '!' -e /cvmfs/atlas.cern.ch/repo/ATLASLocalRootBase/x86_64 ']'
++++ export ATLAS_LOCAL_ROOT
++++ export ATLAS_LOCAL_ROOT_ARCH
++++ '[' -z ']'
++++ export ALRB_cvmfs_repo=/cvmfs/atlas.cern.ch/repo
++++ ALRB_cvmfs_repo=/cvmfs/atlas.cern.ch/repo
++++ '[' -z ']'
++++ export ALRB_cvmfs_condb_repo=/cvmfs/atlas-condb.cern.ch/repo
++++ ALRB_cvmfs_condb_repo=/cvmfs/atlas-condb.cern.ch/repo
++++ '[' -z ']'
++++ export ALRB_cvmfs_nightly_repo=/cvmfs/atlas-nightlies.cern.ch/repo
++++ ALRB_cvmfs_nightly_repo=/cvmfs/atlas-nightlies.cern.ch/repo
++++ '[' -z ']'
++++ export ALRB_cvmfs_sft_repo=/cvmfs/sft.cern.ch/lcg
++++ ALRB_cvmfs_sft_repo=/cvmfs/sft.cern.ch/lcg
++++ '[' -z ']'
++++ export ALRB_cvmfs_sftnight_repo=/cvmfs/sft-nightlies.cern.ch/lcg
++++ ALRB_cvmfs_sftnight_repo=/cvmfs/sft-nightlies.cern.ch/lcg
++++ '[' -z ']'
++++ export ALRB_cvmfs_unpacked_repo=/cvmfs/unpacked.cern.ch
++++ ALRB_cvmfs_unpacked_repo=/cvmfs/unpacked.cern.ch
++++ '[' -d /cvmfs/atlas.cern.ch/repo/sw ']'
++++ export ALRB_cvmfs_ALRB=/cvmfs/atlas.cern.ch/repo/ATLASLocalRootBase
++++ ALRB_cvmfs_ALRB=/cvmfs/atlas.cern.ch/repo/ATLASLocalRootBase
++++ export ALRB_cvmfs_Athena=/cvmfs/atlas.cern.ch/repo/sw/software
++++ ALRB_cvmfs_Athena=/cvmfs/atlas.cern.ch/repo/sw/software
++++ '[' -d /cvmfs/atlas-condb.cern.ch/repo/conditions ']'
++++ export ALRB_cvmfs_CDB=/cvmfs/atlas-condb.cern.ch/repo/conditions
++++ ALRB_cvmfs_CDB=/cvmfs/atlas-condb.cern.ch/repo/conditions
++++ ATLAS_LOCAL_ROOT_PACOPT=
++++ '[' -e /etc/issue ']'
+++++ grep 'CERN Virtual Machine' /etc/issue
++++ alrb_result=
++++ '[' 1 -eq 0 ']'
++++ '[' '!' -z ']'
++++ export ATLAS_LOCAL_ROOT_PACOPT
+++++ ps -o command= 779831
+++++ sed -e 's|^.*qemu-x86_64 ||g'
+++++ cut -f 1 -d ' '
++++ alrb_tmpVal=bash
+++++ echo bash
+++++ sed s/-//g
++++ export ALRB_SHELL=bash
++++ ALRB_SHELL=bash
++++ echo bash
++++ grep bash
++++ '[' 0 -eq 0 ']'
++++ export ALRB_SHELL=bash
++++ ALRB_SHELL=bash
++++ '[' Linux = Linux ']'
++++ export ALRB_RHVER=9
++++ ALRB_RHVER=9
++++ '[' -d /cvmfs/sft.cern.ch/lcg ']'
++++ export ALRB_SFT_LCG=/cvmfs/sft.cern.ch/lcg
++++ ALRB_SFT_LCG=/cvmfs/sft.cern.ch/lcg
++++ export ALRB_SFT_LCGEXT_MAP=/cvmfs/sft.cern.ch/lcg/mapfile.txt
++++ ALRB_SFT_LCGEXT_MAP=/cvmfs/sft.cern.ch/lcg/mapfile.txt
++++ '[' -d /cvmfs/sft-nightlies.cern.ch/lcg ']'
++++ export ALRB_SFTNIGHT_LCG=/cvmfs/sft-nightlies.cern.ch/lcg
++++ ALRB_SFTNIGHT_LCG=/cvmfs/sft-nightlies.cern.ch/lcg
+++++ uname -a
++++ export 'ALRB_infoUname=Linux lxplus925.cern.ch 5.14.0-611.55.1.el9_7.x86_64 #1 SMP PREEMPT_DYNAMIC Sat May 9 13:31:46 EDT 2026 x86_64 x86_64 x86_64 GNU/Linux'
++++ ALRB_infoUname='Linux lxplus925.cern.ch 5.14.0-611.55.1.el9_7.x86_64 #1 SMP PREEMPT_DYNAMIC Sat May 9 13:31:46 EDT 2026 x86_64 x86_64 x86_64 GNU/Linux'
++++ '[' Linux = Linux ']'
+++++ cat /proc/cpuinfo
+++++ grep -e 'model name'
+++++ sort -u
++++ export 'ALRB_infoProc=model name	: AMD EPYC-Milan Processor'
++++ ALRB_infoProc='model name	: AMD EPYC-Milan Processor'
++++ unset alrb_result alrb_tmpVal
+++ '[' 9 -lt 7 ']'
+++ '[' '' = '' ']'
+++ [[ ! -z '' ]]
+++ [[ ! -z '' ]]
+++ [[ ! -z '' ]]
+++ [[ ! -z '' ]]
+++ alrb_setPy=python3
+++ [[ 9 -ge 9 ]]
+++ [[ python3 = \p\y\t\h\o\n\2 ]]
+++ '[' '!' -z ALRB_SHELL ']'
+++ '[' bash = bash ']'
+++ source /cvmfs/atlas.cern.ch/repo/ATLASLocalRootBase/utilities/checkShell.sh
++++ shopt -s expand_aliases
++++ alias
++++ grep -e setupATLAS
++++ '[' 1 -ne 0 ']'
++++ typeset -f setupATLAS
++++ '[' 1 -ne 0 ']'
+++ source /cvmfs/atlas.cern.ch/repo/ATLASLocalRootBase/utilities/setupAliases.sh
+++ '[' NO = YES ']'
+++ '[' '' = YES ']'
+++ source /cvmfs/atlas.cern.ch/repo/ATLASLocalRootBase/user/Python3Settings.sh python3
++++ '[' python3 = python3 ']'
++++ export ALRB_envPython=python3
++++ ALRB_envPython=python3
++++ export PANDA_PY3=1
++++ PANDA_PY3=1
++++ export PANDA_PYTHON_EXEC=python3
++++ PANDA_PYTHON_EXEC=python3
++++ export AMI_envPython=python3
++++ AMI_envPython=python3
++++ export RUCIO_PYTHONBIN=python3
++++ RUCIO_PYTHONBIN=python3
++++ export EMI_PYTHONBIN=python3
++++ EMI_PYTHONBIN=python3
+++ '[' -z ']'
+++ export ALRB_tokensPanda=NO
+++ ALRB_tokensPanda=NO
+++ echo ,,
+++ grep -e ,tokens,
+++ '[' 1 -eq 0 ']'
+++ alrb_AvailableTools=
+++ alrb_AvailableToolsPre=
+++ alrb_AvailableToolsPost=
+++ source /cvmfs/atlas.cern.ch/repo/ATLASLocalRootBase/swConfig/restrictions.sh
+++ alrb_fn_restrictions
+++ local alrb_sedExclusions=
+++ local alrb_motdExclusions=
+++ [[ ! -z '' ]]
+++ '[' '' '!=' '' ']'
+++ export ALRB_sedExclusions=
+++ ALRB_sedExclusions=
+++ export ALRB_motdExclusions=
+++ ALRB_motdExclusions=
+++ return 0
+++ alrb_menuTypeAr=("Pre" "." "Post")
+++ for alrb_menuType in "${alrb_menuTypeAr[@]}"
+++ '[' Pre = . ']'
+++ alrb_availableMask=
+++ alrb_dirArTmp='\find /cvmfs/atlas.cern.ch/repo/ATLASLocalRootBase/swConfig/Pre -maxdepth 1 -mindepth 1 -type d | \sed -e '\''s/.*\///'\'' | env LC_ALL=C \sort  '
+++ alrb_dirAr=(`eval $alrb_dirArTmp`)
++++ eval '\find' /cvmfs/atlas.cern.ch/repo/ATLASLocalRootBase/swConfig/Pre -maxdepth 1 -mindepth 1 -type d '|' '\sed' -e ''\''s/.*\///'\''' '|' env LC_ALL=C '\sort'
+++++ find /cvmfs/atlas.cern.ch/repo/ATLASLocalRootBase/swConfig/Pre -maxdepth 1 -mindepth 1 -type d
+++++ sed -e 's/.*\///'
+++++ env LC_ALL=C sort
+++ for alrb_menuItem in ${alrb_dirAr[@]}
+++ alrb_QuietSaved=NO
+++ '[' -e /cvmfs/atlas.cern.ch/repo/ATLASLocalRootBase/swConfig/Pre/lsetup/menu-Linux.sh ']'
+++ '[' -e /cvmfs/atlas.cern.ch/repo/ATLASLocalRootBase/swConfig/Pre/lsetup/menu.sh ']'
+++ source /cvmfs/atlas.cern.ch/repo/ATLASLocalRootBase/swConfig/Pre/lsetup/menu.sh
++++ '[' NO = NO ']'
++++ /cvmfs/atlas.cern.ch/repo/ATLASLocalRootBase/swConfig/printMenu.sh lsetup 1 Pre
[7mlsetup              [0m lsetup <tool1> [ <tool2> ...] (see lsetup -h):
++++ alrb_AvailableToolsPre=' lsetup'
++++ return 0
+++ alrb_Quiet=NO
+++ for alrb_menuType in "${alrb_menuTypeAr[@]}"
+++ '[' . = . ']'
+++ source /cvmfs/atlas.cern.ch/repo/ATLASLocalRootBase/x86_64/.alrb/availableMash.sh
++++ alrb_availableMask='| \grep -e '\''^lcgenv$'\'' -e '\''^sft$'\'' -e '\''^views$'\'' -e '\''^java$'\'' -e '\''^pacman$'\'' -e '\''^swmgr$'\'' -e '\''^curl$'\'' -e '\''^emi$'\'' -e '\''^asetup$'\'' -e '\''^rcsetup$'\'' -e '\''^gcc$'\'' -e '\''^python$'\'' -e '\''^boost$'\'' -e '\''^rucio$'\'' -e '\''^gccxml$'\'' -e '\''^gsl$'\'' -e '\''^fftw$'\'' -e '\''^root$'\'' -e '\''^xrootd$'\'' -e '\''^davix$'\'' -e '\''^tbb$'\'' -e '\''^atlantis$'\'' -e '\''^cmake$'\'' -e '\''^cmt$'\'' -e '\''^eiclient$'\'' -e '\''^panda$'\'' -e '\''^pyami$'\'' -e '\''^git$'\'' -e '\''^gitlab$'\'' -e '\''^hdf5$'\'' -e '\''^png$'\'' -e '\''^acm$'\'' -e '\''^dcube$'\'' -e '\''^art$'\'' -e '\''^xcache$'\'' -e '\''^adctools$'\'' -e '\''^cppcheck$'\'' -e '\''^prmon$'\'' -e '\''^clang$'\'' -e '\''^logstash$'\'' -e '\''^stomp$'\'' -e '\''^psutil$'\'' -e '\''^astyle$'\'' -e '\''^darshan$'\'' -e '\''^pacparser$'\'' -e '\''^scikit$'\'' -e '\''^cpuflags$'\'' -e '\''^crane$'\'' -e '\''^varnish$'\'' -e '\''^centralpage$'\'''
+++ alrb_dirArTmp='\find /cvmfs/atlas.cern.ch/repo/ATLASLocalRootBase/swConfig/. -maxdepth 1 -mindepth 1 -type d | \sed -e '\''s/.*\///'\'' | env LC_ALL=C \sort  | \grep -e '\''^lcgenv$'\'' -e '\''^sft$'\'' -e '\''^views$'\'' -e '\''^java$'\'' -e '\''^pacman$'\'' -e '\''^swmgr$'\'' -e '\''^curl$'\'' -e '\''^emi$'\'' -e '\''^asetup$'\'' -e '\''^rcsetup$'\'' -e '\''^gcc$'\'' -e '\''^python$'\'' -e '\''^boost$'\'' -e '\''^rucio$'\'' -e '\''^gccxml$'\'' -e '\''^gsl$'\'' -e '\''^fftw$'\'' -e '\''^root$'\'' -e '\''^xrootd$'\'' -e '\''^davix$'\'' -e '\''^tbb$'\'' -e '\''^atlantis$'\'' -e '\''^cmake$'\'' -e '\''^cmt$'\'' -e '\''^eiclient$'\'' -e '\''^panda$'\'' -e '\''^pyami$'\'' -e '\''^git$'\'' -e '\''^gitlab$'\'' -e '\''^hdf5$'\'' -e '\''^png$'\'' -e '\''^acm$'\'' -e '\''^dcube$'\'' -e '\''^art$'\'' -e '\''^xcache$'\'' -e '\''^adctools$'\'' -e '\''^cppcheck$'\'' -e '\''^prmon$'\'' -e '\''^clang$'\'' -e '\''^logstash$'\'' -e '\''^stomp$'\'' -e '\''^psutil$'\'' -e '\''^astyle$'\'' -e '\''^darshan$'\'' -e '\''^pacparser$'\'' -e '\''^scikit$'\'' -e '\''^cpuflags$'\'' -e '\''^crane$'\'' -e '\''^varnish$'\'' -e '\''^centralpage$'\'''
+++ alrb_dirAr=(`eval $alrb_dirArTmp`)
++++ eval '\find' /cvmfs/atlas.cern.ch/repo/ATLASLocalRootBase/swConfig/. -maxdepth 1 -mindepth 1 -type d '|' '\sed' -e ''\''s/.*\///'\''' '|' env LC_ALL=C '\sort' '|' '\grep' -e ''\''^lcgenv$'\''' -e ''\''^sft$'\''' -e ''\''^views$'\''' -e ''\''^java$'\''' -e ''\''^pacman$'\''' -e ''\''^swmgr$'\''' -e ''\''^curl$'\''' -e ''\''^emi$'\''' -e ''\''^asetup$'\''' -e ''\''^rcsetup$'\''' -e ''\''^gcc$'\''' -e ''\''^python$'\''' -e ''\''^boost$'\''' -e ''\''^rucio$'\''' -e ''\''^gccxml$'\''' -e ''\''^gsl$'\''' -e ''\''^fftw$'\''' -e ''\''^root$'\''' -e ''\''^xrootd$'\''' -e ''\''^davix$'\''' -e ''\''^tbb$'\''' -e ''\''^atlantis$'\''' -e ''\''^cmake$'\''' -e ''\''^cmt$'\''' -e ''\''^eiclient$'\''' -e ''\''^panda$'\''' -e ''\''^pyami$'\''' -e ''\''^git$'\''' -e ''\''^gitlab$'\''' -e ''\''^hdf5$'\''' -e ''\''^png$'\''' -e ''\''^acm$'\''' -e ''\''^dcube$'\''' -e ''\''^art$'\''' -e ''\''^xcache$'\''' -e ''\''^adctools$'\''' -e ''\''^cppcheck$'\''' -e ''\''^prmon$'\''' -e ''\''^clang$'\''' -e ''\''^logstash$'\''' -e ''\''^stomp$'\''' -e ''\''^psutil$'\''' -e ''\''^astyle$'\''' -e ''\''^darshan$'\''' -e ''\''^pacparser$'\''' -e ''\''^scikit$'\''' -e ''\''^cpuflags$'\''' -e ''\''^crane$'\''' -e ''\''^varnish$'\''' -e ''\''^centralpage$'\'''
+++++ find /cvmfs/atlas.cern.ch/repo/ATLASLocalRootBase/swConfig/. -maxdepth 1 -mindepth 1 -type d
+++++ sed -e 's/.*\///'
+++++ env LC_ALL=C sort
+++++ grep -e '^lcgenv$' -e '^sft$' -e '^views$' -e '^java$' -e '^pacman$' -e '^swmgr$' -e '^curl$' -e '^emi$' -e '^asetup$' -e '^rcsetup$' -e '^gcc$' -e '^python$' -e '^boost$' -e '^rucio$' -e '^gccxml$' -e '^gsl$' -e '^fftw$' -e '^root$' -e '^xrootd$' -e '^davix$' -e '^tbb$' -e '^atlantis$' -e '^cmake$' -e '^cmt$' -e '^eiclient$' -e '^panda$' -e '^pyami$' -e '^git$' -e '^gitlab$' -e '^hdf5$' -e '^png$' -e '^acm$' -e '^dcube$' -e '^art$' -e '^xcache$' -e '^adctools$' -e '^cppcheck$' -e '^prmon$' -e '^clang$' -e '^logstash$' -e '^stomp$' -e '^psutil$' -e '^astyle$' -e '^darshan$' -e '^pacparser$' -e '^scikit$' -e '^cpuflags$' -e '^crane$' -e '^varnish$' -e '^centralpage$'
+++ for alrb_menuItem in ${alrb_dirAr[@]}
+++ alrb_QuietSaved=NO
+++ '[' -e /cvmfs/atlas.cern.ch/repo/ATLASLocalRootBase/swConfig/./acm/menu-Linux.sh ']'
+++ source /cvmfs/atlas.cern.ch/repo/ATLASLocalRootBase/swConfig/./acm//menu-Linux.sh
++++ alrb_AvailableTools=' acm'
++++ return 0
+++ alrb_Quiet=NO
+++ for alrb_menuItem in ${alrb_dirAr[@]}
+++ alrb_QuietSaved=NO
+++ '[' -e /cvmfs/atlas.cern.ch/repo/ATLASLocalRootBase/swConfig/./adctools/menu-Linux.sh ']'
+++ source /cvmfs/atlas.cern.ch/repo/ATLASLocalRootBase/swConfig/./adctools//menu-Linux.sh
++++ alrb_AvailableTools=' acm adctools'
++++ return 0
+++ alrb_Quiet=NO
+++ for alrb_menuItem in ${alrb_dirAr[@]}
+++ alrb_QuietSaved=NO
+++ '[' -e /cvmfs/atlas.cern.ch/repo/ATLASLocalRootBase/swConfig/./art/menu-Linux.sh ']'
+++ source /cvmfs/atlas.cern.ch/repo/ATLASLocalRootBase/swConfig/./art//menu-Linux.sh
++++ alrb_AvailableTools=' acm adctools art'
++++ return 0
+++ alrb_Quiet=NO
+++ for alrb_menuItem in ${alrb_dirAr[@]}
+++ alrb_QuietSaved=NO
+++ '[' -e /cvmfs/atlas.cern.ch/repo/ATLASLocalRootBase/swConfig/./asetup/menu-Linux.sh ']'
+++ source /cvmfs/atlas.cern.ch/repo/ATLASLocalRootBase/swConfig/./asetup//menu-Linux.sh
++++ '[' /cvmfs/atlas.cern.ch/repo/sw/software = '' ']'
++++ '[' NO = NO ']'
++++ /cvmfs/atlas.cern.ch/repo/ATLASLocalRootBase/swConfig/printMenu.sh asetup 1
[7m lsetup asetup      [0m  (or asetup) to setup an Athena release
++++ alias 'changeASetup=source $ATLAS_LOCAL_ROOT_BASE/swConfig/asetup/changeAsetup.sh'
++++ alrb_AvailableTools=' acm adctools art asetup'
++++ export 'ALRB_availableTools= acm adctools art asetup'
++++ ALRB_availableTools=' acm adctools art asetup'
++++ command -v asetup
++++ [[ 1 != 0 ]]
++++ source /cvmfs/atlas.cern.ch/repo/ATLASLocalRootBase/packageSetups/localSetup.sh asetup -q
+++++ source /cvmfs/atlas.cern.ch/repo/ATLASLocalRootBase/utilities/checkAtlasLocalRoot.sh
++++++ '[' -z /cvmfs/atlas.cern.ch/repo/ATLASLocalRootBase ']'
++++++ '[' -z /afs/cern.ch/user/t/tofitsch/.alrb ']'
++++++ '[' -z /tmp/tofitsch/tofitsch/.alrb ']'
+++++++ echo /cvmfs/atlas.cern.ch/repo/ATLASLocalRootBase
+++++++ sed 's/\/$//'
++++++ alrb_tmpVal=/cvmfs/atlas.cern.ch/repo/ATLASLocalRootBase
++++++ '[' /cvmfs/atlas.cern.ch/repo/ATLASLocalRootBase '!=' /cvmfs/atlas.cern.ch/repo/ATLASLocalRootBase ']'
+++++++ /cvmfs/atlas.cern.ch/repo/ATLASLocalRootBase/utilities/getOSType.sh
++++++ alrb_osInfo='Linux 9 8 el'
+++++++ echo Linux 9 8 el
+++++++ cut -f 1 -d ' '
++++++ alrb_osType=Linux
++++++ '[' -z ']'
++++++ export ALRB_OSTYPE=Linux
++++++ ALRB_OSTYPE=Linux
+++++++ echo Linux 9 8 el
+++++++ cut -f 2 -d ' '
++++++ alrb_osMajorVer=9
++++++ '[' -z ']'
++++++ export ALRB_OSMAJORVER=9
++++++ ALRB_OSMAJORVER=9
+++++++ echo Linux 9 8 el
+++++++ cut -f 4 -d ' '
++++++ alrb_osFlavor=el
++++++ '[' -z ']'
++++++ export ALRB_OSFLAVOR=el
++++++ ALRB_OSFLAVOR=el
++++++ unset alrb_osInfo alrb_osType alrb_osMajorVer alrb_osFlavor
++++++ '[' -z ']'
+++++++ /cvmfs/atlas.cern.ch/repo/ATLASLocalRootBase/utilities/getArchType.sh
++++++ ATLAS_LOCAL_ROOT_ARCH=x86_64
++++++ ATLAS_LOCAL_ROOT=/cvmfs/atlas.cern.ch/repo/ATLASLocalRootBase/x86_64
++++++ '[' '!' -e /cvmfs/atlas.cern.ch/repo/ATLASLocalRootBase/x86_64 ']'
++++++ export ATLAS_LOCAL_ROOT
++++++ export ATLAS_LOCAL_ROOT_ARCH
++++++ '[' -z /cvmfs/atlas.cern.ch/repo ']'
++++++ '[' -z /cvmfs/atlas-condb.cern.ch/repo ']'
++++++ '[' -z /cvmfs/atlas-nightlies.cern.ch/repo ']'
++++++ '[' -z /cvmfs/sft.cern.ch/lcg ']'
++++++ '[' -z /cvmfs/sft-nightlies.cern.ch/lcg ']'
++++++ '[' -z /cvmfs/unpacked.cern.ch ']'
++++++ '[' -d /cvmfs/atlas.cern.ch/repo/sw ']'
++++++ export ALRB_cvmfs_ALRB=/cvmfs/atlas.cern.ch/repo/ATLASLocalRootBase
++++++ ALRB_cvmfs_ALRB=/cvmfs/atlas.cern.ch/repo/ATLASLocalRootBase
++++++ export ALRB_cvmfs_Athena=/cvmfs/atlas.cern.ch/repo/sw/software
++++++ ALRB_cvmfs_Athena=/cvmfs/atlas.cern.ch/repo/sw/software
++++++ '[' -d /cvmfs/atlas-condb.cern.ch/repo/conditions ']'
++++++ export ALRB_cvmfs_CDB=/cvmfs/atlas-condb.cern.ch/repo/conditions
++++++ ALRB_cvmfs_CDB=/cvmfs/atlas-condb.cern.ch/repo/conditions
++++++ ATLAS_LOCAL_ROOT_PACOPT=
++++++ '[' -e /etc/issue ']'
+++++++ grep 'CERN Virtual Machine' /etc/issue
++++++ alrb_result=
++++++ '[' 1 -eq 0 ']'
++++++ '[' '!' -z ']'
++++++ export ATLAS_LOCAL_ROOT_PACOPT
+++++++ ps -o command= 779831
+++++++ sed -e 's|^.*qemu-x86_64 ||g'
+++++++ cut -f 1 -d ' '
++++++ alrb_tmpVal=bash
+++++++ echo bash
+++++++ sed s/-//g
++++++ export ALRB_SHELL=bash
++++++ ALRB_SHELL=bash
++++++ echo bash
++++++ grep bash
++++++ '[' 0 -eq 0 ']'
++++++ export ALRB_SHELL=bash
++++++ ALRB_SHELL=bash
++++++ '[' Linux = Linux ']'
++++++ export ALRB_RHVER=9
++++++ ALRB_RHVER=9
++++++ '[' -d /cvmfs/sft.cern.ch/lcg ']'
++++++ export ALRB_SFT_LCG=/cvmfs/sft.cern.ch/lcg
++++++ ALRB_SFT_LCG=/cvmfs/sft.cern.ch/lcg
++++++ export ALRB_SFT_LCGEXT_MAP=/cvmfs/sft.cern.ch/lcg/mapfile.txt
++++++ ALRB_SFT_LCGEXT_MAP=/cvmfs/sft.cern.ch/lcg/mapfile.txt
++++++ '[' -d /cvmfs/sft-nightlies.cern.ch/lcg ']'
++++++ export ALRB_SFTNIGHT_LCG=/cvmfs/sft-nightlies.cern.ch/lcg
++++++ ALRB_SFTNIGHT_LCG=/cvmfs/sft-nightlies.cern.ch/lcg
+++++++ uname -a
++++++ export 'ALRB_infoUname=Linux lxplus925.cern.ch 5.14.0-611.55.1.el9_7.x86_64 #1 SMP PREEMPT_DYNAMIC Sat May 9 13:31:46 EDT 2026 x86_64 x86_64 x86_64 GNU/Linux'
++++++ ALRB_infoUname='Linux lxplus925.cern.ch 5.14.0-611.55.1.el9_7.x86_64 #1 SMP PREEMPT_DYNAMIC Sat May 9 13:31:46 EDT 2026 x86_64 x86_64 x86_64 GNU/Linux'
++++++ '[' Linux = Linux ']'
+++++++ cat /proc/cpuinfo
+++++++ grep -e 'model name'
+++++++ sort -u
++++++ export 'ALRB_infoProc=model name	: AMD EPYC-Milan Processor'
++++++ ALRB_infoProc='model name	: AMD EPYC-Milan Processor'
++++++ unset alrb_result alrb_tmpVal
+++++ '[' -z '' ']'
+++++ export ALRB_requestedVersions=
+++++ ALRB_requestedVersions=
+++++ alrb_lsWorkdir=/tmp/tofitsch/tofitsch/.alrb/localSetup
+++++ mkdir -p /tmp/tofitsch/tofitsch/.alrb/localSetup
+++++ alrb_rc=0
+++++ '[' 0 -ne 0 ']'
+++++ '[' '!' -z ']'
+++++ unset alrb_lsHistory
++++++ mktemp -d /tmp/tofitsch/tofitsch/.alrb/localSetup/ls.XXXXXX
+++++ alrb_lsWorkarea=/tmp/tofitsch/tofitsch/.alrb/localSetup/ls.0dwwM0
+++++ touch /tmp/tofitsch/tofitsch/.alrb/localSetup/ls.0dwwM0/client.sh
++++++ seq 1 2
+++++ for alrb_pass in `seq 1 2`
+++++ let alrb_lastPass=2
+++++ export ALRB_clientShell=bash
+++++ ALRB_clientShell=bash
++++++ /cvmfs/atlas.cern.ch/repo/ATLASLocalRootBase/utilities/isGridSetup.sh
+++++ alrb_gridType=none
+++++ export ALRB_gridType=none
+++++ ALRB_gridType=none
+++++ '[' -z /tmp/tofitsch/tofitsch/.alrb/localSetup/ls.0dwwM0 ']'
+++++ '[' -e /tmp/tofitsch/tofitsch/.alrb/localSetup/ls.0dwwM0/finishedPass ']'
+++++ '[' 1 -eq 2 ']'
+++++ '[' '!' -z '' ']'
++++++ which java
+++++ alrb_whichJava='++++++ alias
++++++ eval declare -f
+++++++ declare -f
++++++ /usr/bin/which --tty-only --read-alias --read-functions --show-tilde --show-dot java
/usr/bin/java'
+++++ alrb_rc=0
+++++ '[' 0 -ne 0 ']'
+++++ echo 'alrb_whichJava="++++++ alias
++++++ eval declare -f
+++++++ declare -f
++++++ /usr/bin/which --tty-only --read-alias --read-functions --show-tilde --show-dot java
/usr/bin/java"'
++++++ source /cvmfs/atlas.cern.ch/repo/ATLASLocalRootBase/utilities/getCurrentEnv.sh
+++++++ alrb_currentEnv=
+++++++ for alrb_pyName in python python2 python3
++++++++ type python
+++++++ alrb_type='python is /afs/cern.ch/user/t/tofitsch/bin/python'
+++++++ '[' 0 -eq 0 ']'
+++++++ echo python is /afs/cern.ch/user/t/tofitsch/bin/python
+++++++ grep -e alias
+++++++ '[' 1 -eq 0 ']'
++++++++ python -V
++++++++ awk '{print $2}'
+++++++ alrb_version=3.9.25
++++++++ uname -m
+++++++ alrb_exeArch=x86_64
+++++++ alrb_currentEnv=';python:ver=3.9.25:arch=x86_64:'
+++++++ for alrb_pyName in python python2 python3
++++++++ type python2
+++++++ alrb_type='/cvmfs/atlas.cern.ch/repo/ATLASLocalRootBase/utilities/getCurrentEnv.sh: line 20: type: python2: not found'
+++++++ '[' 1 -eq 0 ']'
+++++++ for alrb_pyName in python python2 python3
++++++++ type python3
+++++++ alrb_type='python3 is /usr/bin/python3'
+++++++ '[' 0 -eq 0 ']'
+++++++ echo python3 is /usr/bin/python3
+++++++ grep -e alias
+++++++ '[' 1 -eq 0 ']'
++++++++ python3 -V
++++++++ awk '{print $2}'
+++++++ alrb_version=3.9.25
++++++++ uname -m
+++++++ alrb_exeArch=x86_64
+++++++ alrb_currentEnv=';python:ver=3.9.25:arch=x86_64:;python3:ver=3.9.25:arch=x86_64:'
+++++++ '[' Linux = MacOSX ']'
++++++++ gcc -dumpversion
+++++++ alrb_version=11
+++++++ '[' 0 -eq 0 ']'
+++++++ alrb_currentEnv=';python:ver=3.9.25:arch=x86_64:;python3:ver=3.9.25:arch=x86_64:;gcc:ver=11:'
+++++++ echo ';python:ver=3.9.25:arch=x86_64:;python3:ver=3.9.25:arch=x86_64:;gcc:ver=11:;'
+++++++ unset alrb_version alrb_type alrb_exeArch alrb_currentEnv alrb_pyName
+++++++ return 0
+++++ alrb_preSetupEnv=';python:ver=3.9.25:arch=x86_64:;python3:ver=3.9.25:arch=x86_64:;gcc:ver=11:;'
+++++ '[' 0 -ne 0 ']'
+++++ echo 'alrb_preSetupEnv=";python:ver=3.9.25:arch=x86_64:;python3:ver=3.9.25:arch=x86_64:;gcc:ver=11:;"'
+++++ rm -f /tmp/tofitsch/tofitsch/.alrb/localSetup/ls.0dwwM0/setupScript.sh
+++++ /cvmfs/atlas.cern.ch/repo/ATLASLocalRootBase/utilities/validator.sh asetup -q -w /tmp/tofitsch/tofitsch/.alrb/localSetup/ls.0dwwM0 -p Pass1
+++++ alrb_rc=0
+++++ '[' 0 -ne 0 ']'
+++++ '[' -e /tmp/tofitsch/tofitsch/.alrb/localSetup/ls.0dwwM0/preSetupScript.sh ']'
+++++ source /tmp/tofitsch/tofitsch/.alrb/localSetup/ls.0dwwM0/preSetupScript.sh
++++++ alrb_Quiet=YES
++++++ alrb_Force=NO
++++++ alrb_SkipConfirm=YES
+++++ '[' 0 -ne 0 ']'
+++++ rm -f /tmp/tofitsch/tofitsch/.alrb/localSetup/ls.0dwwM0/preSetupScript.sh
+++++ '[' -e /tmp/tofitsch/tofitsch/.alrb/localSetup/ls.0dwwM0/setupScript.sh ']'
+++++ source /tmp/tofitsch/tofitsch/.alrb/localSetup/ls.0dwwM0/setupScript.sh
++++++ alrb_Quiet=YES
++++++ alrb_Force=NO
++++++ alrb_SkipConfirm=YES
++++++ source /cvmfs/atlas.cern.ch/repo/ATLASLocalRootBase/swConfig/asetup/setup-Linux.sh V03-01-31 ''
+++++++ export ATLAS_LOCAL_ASETUP_VERSION=V03-01-31
+++++++ ATLAS_LOCAL_ASETUP_VERSION=V03-01-31
+++++++ deletePath PATH
+++++++ eval 'PATH=$(\echo $PATH | \sed -e s%\^""$%% -e s%\^""\:%% -e s%:""\:%:%g -e s%:""\$%%)'
+++++++++ echo /afs/cern.ch/user/t/tofitsch/.nvm/versions/node/v20.17.0/bin:/afs/cern.ch/atlas/scripts:/usr/sue/bin:/usr/share/Modules/bin:/usr/condabin:/usr/lib64/ccache:/usr/local/bin:/usr/bin:/usr/local/sbin:/usr/sbin:/opt/puppetlabs/bin:/afs/cern.ch/user/t/tofitsch/.local/bin:/afs/cern.ch/user/t/tofitsch/bin
+++++++++ sed -e 's%^$%%' -e 's%^:%%' -e s%::%:%g -e 's%:$%%'
++++++++ PATH=/afs/cern.ch/user/t/tofitsch/.nvm/versions/node/v20.17.0/bin:/afs/cern.ch/atlas/scripts:/usr/sue/bin:/usr/share/Modules/bin:/usr/condabin:/usr/lib64/ccache:/usr/local/bin:/usr/bin:/usr/local/sbin:/usr/sbin:/opt/puppetlabs/bin:/afs/cern.ch/user/t/tofitsch/.local/bin:/afs/cern.ch/user/t/tofitsch/bin
+++++++ export PATH
+++++++ export ATLAS_LOCAL_ASETUP_PATH=/cvmfs/atlas.cern.ch/repo/ATLASLocalRootBase/x86_64/AtlasSetup/V03-01-31
+++++++ ATLAS_LOCAL_ASETUP_PATH=/cvmfs/atlas.cern.ch/repo/ATLASLocalRootBase/x86_64/AtlasSetup/V03-01-31
+++++++ export AtlasSetup=/cvmfs/atlas.cern.ch/repo/ATLASLocalRootBase/x86_64/AtlasSetup/V03-01-31/AtlasSetup
+++++++ AtlasSetup=/cvmfs/atlas.cern.ch/repo/ATLASLocalRootBase/x86_64/AtlasSetup/V03-01-31/AtlasSetup
++++++++ /cvmfs/atlas.cern.ch/repo/ATLASLocalRootBase/swConfig/versionConvert.sh asetup V03-01-31
+++++++ alrb_asetupVerN=30131
+++++++ '[' -z ']'
++++++++ echo ,,
++++++++ grep -e ,cmtSL6-dev,
+++++++ alrb_result=
+++++++ '[' 1 -eq 0 ']'
+++++++ alrb_opts=
+++++++ '[' YES '!=' NO ']'
+++++++ alrb_opts=' --quiet'
+++++++ '[' -e /cvmfs/atlas.cern.ch/repo/sw/local/setup-compat.sh ']'
+++++++ eval source /cvmfs/atlas.cern.ch/repo/sw/local/setup-compat.sh --quiet
++++++++ source /cvmfs/atlas.cern.ch/repo/sw/local/setup-compat.sh --quiet
+++++++++ PLATF=i686-slc5-gcc43-opt
+++++++++ SCVERSION='setup-compat.sh v1.2 - 20131002'
+++++++++ SCCUC=slc6
++++++++++ getopt -o a:Dhq -l arch:,dev,help,quiet -- --quiet
+++++++++ SCOPTS=' --quiet --'
+++++++++ '[' 0 '!=' 0 ']'
++++++++++ echo --quiet --
+++++++++ for i in `echo $SCOPTS`
+++++++++ case "$i" in
+++++++++ SCQUIET=yes
+++++++++ shift
+++++++++ for i in `echo $SCOPTS`
+++++++++ case "$i" in
+++++++++ break
+++++++++ '[' -z '' ']'
++++++++++ echo i686-slc5-gcc43-opt
++++++++++ sed -e 's/\(i686\|x86_64\)[-_]\(slc[0-9]*\)[-_]\(gcc[0-9]*\)[-_]\(.*\)/\2/g'
+++++++++ OSBINVER=slc5
+++++++++ '[' -z '' ']'
+++++++++ VO_ATLAS_SW_DIR=/cvmfs/atlas.cern.ch/repo/sw
++++++++++ getconf GNU_LIBC_VERSION
++++++++++ awk '{print $NF}'
++++++++++ awk -F. '{printf "%d%02d", $1, $2}'
+++++++++ GLV=234
+++++++++ '[' 234 -gt 205 -a slc5 = slc5 ']'
++++++++++ dirname /cvmfs/atlas.cern.ch/repo/sw
+++++++++ export CMTUSERCONTEXT=/cvmfs/atlas.cern.ch/repo/tools/slc6/cmt
+++++++++ CMTUSERCONTEXT=/cvmfs/atlas.cern.ch/repo/tools/slc6/cmt
+++++++++ '[' -z yes ']'
+++++++++ unset SCVERSION SCshowHelp SCOPTS SCSKIPALL SCQUIET SCCUC OSBINVER GLV
+++++++ export AtlasSetupSite=/cvmfs/atlas.cern.ch/repo/ATLASLocalRootBase/x86_64/AtlasSetup/.config/.asetup.site
+++++++ AtlasSetupSite=/cvmfs/atlas.cern.ch/repo/ATLASLocalRootBase/x86_64/AtlasSetup/.config/.asetup.site
+++++++ '[' 30131 -ge 10003 ']'
+++++++ export AtlasSetupSiteCMake=/cvmfs/atlas.cern.ch/repo/ATLASLocalRootBase/x86_64/AtlasSetup/.configCMake/.asetup.site
+++++++ AtlasSetupSiteCMake=/cvmfs/atlas.cern.ch/repo/ATLASLocalRootBase/x86_64/AtlasSetup/.configCMake/.asetup.site
+++++++ '[' NO = YES ']'
++++++++ alias asetup
+++++++ alrb_tmpVal='/cvmfs/atlas.cern.ch/repo/ATLASLocalRootBase/swConfig/asetup/setup-Linux.sh: line 70: alias: asetup: not found'
+++++++ '[' 1 -eq 0 ']'
+++++++ unset alrb_asetupVerN alrb_result alrb_opts alrb_tmpVal
+++++++ [[ 2 -ge 2 ]]
+++++++ [[ '' != '' ]]
+++++++ return 0
++++++ source /cvmfs/atlas.cern.ch/repo/ATLASLocalRootBase/swConfig/acm/setup-Linux.sh 0.1.34 ''
+++++++ export ATLAS_LOCAL_ACM_VERSION=0.1.34
+++++++ ATLAS_LOCAL_ACM_VERSION=0.1.34
++++++++ find /cvmfs/atlas.cern.ch/repo/ATLASLocalRootBase/x86_64/acm/0.1.34 -type d -name bin
+++++++ alrb_tmpVal=/cvmfs/atlas.cern.ch/repo/ATLASLocalRootBase/x86_64/acm/0.1.34/acm/bin
++++++++ /cvmfs/atlas.cern.ch/repo/ATLASLocalRootBase/utilities/wrapper_readlink.sh /cvmfs/atlas.cern.ch/repo/ATLASLocalRootBase/x86_64/acm/0.1.34/acm/bin/..
+++++++ export ALRB_ACM_PATH=/cvmfs/atlas.cern.ch/repo/ATLASLocalRootBase/x86_64/acm/0.1.34/acm
+++++++ ALRB_ACM_PATH=/cvmfs/atlas.cern.ch/repo/ATLASLocalRootBase/x86_64/acm/0.1.34/acm
++++++++ alias acmSetup
+++++++ alrb_tmpVal='/cvmfs/atlas.cern.ch/repo/ATLASLocalRootBase/swConfig/acm/setup-Linux.sh: line 21: alias: acmSetup: not found'
+++++++ '[' 1 -eq 0 ']'
+++++++ unset alrb_tmpVal
+++++ '[' 0 -ne 0 ']'
+++++ for alrb_pass in `seq 1 2`
+++++ let alrb_lastPass=2
+++++ export ALRB_clientShell=bash
+++++ ALRB_clientShell=bash
++++++ /cvmfs/atlas.cern.ch/repo/ATLASLocalRootBase/utilities/isGridSetup.sh
+++++ alrb_gridType=none
+++++ export ALRB_gridType=none
+++++ ALRB_gridType=none
+++++ '[' -z /tmp/tofitsch/tofitsch/.alrb/localSetup/ls.0dwwM0 ']'
+++++ '[' -e /tmp/tofitsch/tofitsch/.alrb/localSetup/ls.0dwwM0/finishedPass ']'
+++++ continue
+++++ '[' -e /tmp/tofitsch/tofitsch/.alrb/localSetup/ls.0dwwM0/postSetupScript.sh ']'
++++++ source /cvmfs/atlas.cern.ch/repo/ATLASLocalRootBase/utilities/getCurrentEnv.sh
+++++++ alrb_currentEnv=
+++++++ for alrb_pyName in python python2 python3
++++++++ type python
+++++++ alrb_type='python is /afs/cern.ch/user/t/tofitsch/bin/python'
+++++++ '[' 0 -eq 0 ']'
+++++++ grep -e alias
+++++++ echo python is /afs/cern.ch/user/t/tofitsch/bin/python
+++++++ '[' 1 -eq 0 ']'
++++++++ python -V
++++++++ awk '{print $2}'
+++++++ alrb_version=3.9.25
++++++++ uname -m
+++++++ alrb_exeArch=x86_64
+++++++ alrb_currentEnv=';python:ver=3.9.25:arch=x86_64:'
+++++++ for alrb_pyName in python python2 python3
++++++++ type python2
+++++++ alrb_type='/cvmfs/atlas.cern.ch/repo/ATLASLocalRootBase/utilities/getCurrentEnv.sh: line 20: type: python2: not found'
+++++++ '[' 1 -eq 0 ']'
+++++++ for alrb_pyName in python python2 python3
++++++++ type python3
+++++++ alrb_type='python3 is /usr/bin/python3'
+++++++ '[' 0 -eq 0 ']'
+++++++ echo python3 is /usr/bin/python3
+++++++ grep -e alias
+++++++ '[' 1 -eq 0 ']'
++++++++ python3 -V
++++++++ awk '{print $2}'
+++++++ alrb_version=3.9.25
++++++++ uname -m
+++++++ alrb_exeArch=x86_64
+++++++ alrb_currentEnv=';python:ver=3.9.25:arch=x86_64:;python3:ver=3.9.25:arch=x86_64:'
+++++++ '[' Linux = MacOSX ']'
++++++++ gcc -dumpversion
+++++++ alrb_version=11
+++++++ '[' 0 -eq 0 ']'
+++++++ alrb_currentEnv=';python:ver=3.9.25:arch=x86_64:;python3:ver=3.9.25:arch=x86_64:;gcc:ver=11:'
+++++++ echo ';python:ver=3.9.25:arch=x86_64:;python3:ver=3.9.25:arch=x86_64:;gcc:ver=11:;'
+++++++ unset alrb_version alrb_type alrb_exeArch alrb_currentEnv alrb_pyName
+++++++ return 0
+++++ alrb_postSetupEnv=';python:ver=3.9.25:arch=x86_64:;python3:ver=3.9.25:arch=x86_64:;gcc:ver=11:;'
+++++ '[' 0 -ne 0 ']'
+++++ '[' '!' -z '' ']'
++++++ which java
+++++ alrb_whichJava='++++++ alias
++++++ eval declare -f
+++++++ declare -f
++++++ /usr/bin/which --tty-only --read-alias --read-functions --show-tilde --show-dot java
/usr/bin/java'
+++++ '[' 0 -ne 0 ']'
+++++ alrb_currentJavaVersion=
+++++ '[' '++++++ alias
++++++ eval declare -f
+++++++ declare -f
++++++ /usr/bin/which --tty-only --read-alias --read-functions --show-tilde --show-dot java
/usr/bin/java' '!=' '' ']'
++++++ ++++++ alias ++++++ eval declare -f +++++++ declare -f ++++++ /usr/bin/which --tty-only --read-alias --read-functions --show-tilde --show-dot java /usr/bin/java -version
+++++ alrb_tmpVal='/cvmfs/atlas.cern.ch/repo/ATLASLocalRootBase/packageSetups/localSetup.sh: line 144: ++++++: command not found'
+++++ '[' 127 -eq 0 ']'
+++++ source /tmp/tofitsch/tofitsch/.alrb/localSetup/ls.0dwwM0/postSetupScript.sh
++++++ alrb_Quiet=YES
++++++ alrb_Force=NO
++++++ alrb_SkipConfirm=YES
++++++ source /cvmfs/atlas.cern.ch/repo/ATLASLocalRootBase/swConfig/asetup/postSetup-Linux.sh V03-01-31 ''
+++++++ '[' '!' -z ']'
++++++ ALRB_requestedVersions='acm:0.1.34 asetup:V03-01-31  '
++++++ unset alrb_Quiet alrb_SkipConfirm alrb_Force
+++++ '[' 0 -ne 0 ']'
+++++ export ALRB_requestedVersions
+++++ rm -rf /tmp/tofitsch/tofitsch/.alrb/localSetup/ls.0dwwM0
+++++ unset alrb_lsWorkdir alrb_lsWorkarea alrb_item alrb_tool alrb_toolVersion alrb_postSetupEnv alrb_preSetupEnv alrb_gridType alrb_whichJava alrb_pass alrb_lastPass alrb_rc alrb_tmpVal alrb_currentJavaVersion alrb_tmpValN
+++++ return 0
++++ /cvmfs/atlas.cern.ch/repo/ATLASLocalRootBase/swConfig/asetup/createUserASetup.sh
++++ return 0
+++ alrb_Quiet=NO
+++ for alrb_menuItem in ${alrb_dirAr[@]}
+++ alrb_QuietSaved=NO
+++ '[' -e /cvmfs/atlas.cern.ch/repo/ATLASLocalRootBase/swConfig/./astyle/menu-Linux.sh ']'
+++ '[' -e /cvmfs/atlas.cern.ch/repo/ATLASLocalRootBase/swConfig/./astyle/menu.sh ']'
+++ source /cvmfs/atlas.cern.ch/repo/ATLASLocalRootBase/swConfig/./astyle/menu.sh
++++ '[' NO = NO ']'
++++ /cvmfs/atlas.cern.ch/repo/ATLASLocalRootBase/swConfig/printMenu.sh astyle 1
[7m lsetup astyle      [0m  ATLAS style macros
++++ alrb_AvailableTools=' acm adctools art asetup astyle'
++++ return 0
+++ alrb_Quiet=NO
+++ for alrb_menuItem in ${alrb_dirAr[@]}
+++ alrb_QuietSaved=NO
+++ '[' -e /cvmfs/atlas.cern.ch/repo/ATLASLocalRootBase/swConfig/./atlantis/menu-Linux.sh ']'
+++ '[' -e /cvmfs/atlas.cern.ch/repo/ATLASLocalRootBase/swConfig/./atlantis/menu.sh ']'
+++ source /cvmfs/atlas.cern.ch/repo/ATLASLocalRootBase/swConfig/./atlantis/menu.sh
++++ '[' NO = NO ']'
++++ /cvmfs/atlas.cern.ch/repo/ATLASLocalRootBase/swConfig/printMenu.sh atlantis 1
[7m lsetup atlantis    [0m  Atlantis: event display
++++ alias 'localSetupAtlantis=source ${ATLAS_LOCAL_ROOT_BASE}/utilities/oldAliasSetup.sh atlantis'
++++ alrb_AvailableTools=' acm adctools art asetup astyle atlantis'
++++ return 0
+++ alrb_Quiet=NO
+++ for alrb_menuItem in ${alrb_dirAr[@]}
+++ alrb_QuietSaved=NO
+++ '[' -e /cvmfs/atlas.cern.ch/repo/ATLASLocalRootBase/swConfig/./boost/menu-Linux.sh ']'
+++ source /cvmfs/atlas.cern.ch/repo/ATLASLocalRootBase/swConfig/./boost//menu-Linux.sh
++++ alias 'localSetupBoost=source ${ATLAS_LOCAL_ROOT_BASE}/utilities/oldAliasSetup.sh boost'
++++ alrb_AvailableTools=' acm adctools art asetup astyle atlantis boost'
++++ return 0
+++ alrb_Quiet=NO
+++ for alrb_menuItem in ${alrb_dirAr[@]}
+++ alrb_QuietSaved=NO
+++ '[' -e /cvmfs/atlas.cern.ch/repo/ATLASLocalRootBase/swConfig/./centralpage/menu-Linux.sh ']'
+++ source /cvmfs/atlas.cern.ch/repo/ATLASLocalRootBase/swConfig/./centralpage//menu-Linux.sh
++++ '[' NO = NO ']'
++++ /cvmfs/atlas.cern.ch/repo/ATLASLocalRootBase/swConfig/printMenu.sh centralpage 1
[7m lsetup centralpage [0m  Find samples
++++ alrb_AvailableTools=' acm adctools art asetup astyle atlantis boost centralpage'
++++ return 0
+++ alrb_Quiet=NO
+++ for alrb_menuItem in ${alrb_dirAr[@]}
+++ alrb_QuietSaved=NO
+++ '[' -e /cvmfs/atlas.cern.ch/repo/ATLASLocalRootBase/swConfig/./clang/menu-Linux.sh ']'
+++ source /cvmfs/atlas.cern.ch/repo/ATLASLocalRootBase/swConfig/./clang//menu-Linux.sh
++++ alrb_AvailableTools=' acm adctools art asetup astyle atlantis boost centralpage clang'
++++ return 0
+++ alrb_Quiet=NO
+++ for alrb_menuItem in ${alrb_dirAr[@]}
+++ alrb_QuietSaved=NO
+++ '[' -e /cvmfs/atlas.cern.ch/repo/ATLASLocalRootBase/swConfig/./cmake/menu-Linux.sh ']'
+++ source /cvmfs/atlas.cern.ch/repo/ATLASLocalRootBase/swConfig/./cmake//menu-Linux.sh
++++ alrb_AvailableTools=' acm adctools art asetup astyle atlantis boost centralpage clang cmake'
++++ return 0
+++ alrb_Quiet=NO
+++ for alrb_menuItem in ${alrb_dirAr[@]}
+++ alrb_QuietSaved=NO
+++ '[' -e /cvmfs/atlas.cern.ch/repo/ATLASLocalRootBase/swConfig/./cmt/menu-Linux.sh ']'
+++ '[' -e /cvmfs/atlas.cern.ch/repo/ATLASLocalRootBase/swConfig/./cmt/menu.sh ']'
+++ alrb_Quiet=NO
+++ for alrb_menuItem in ${alrb_dirAr[@]}
+++ alrb_QuietSaved=NO
+++ '[' -e /cvmfs/atlas.cern.ch/repo/ATLASLocalRootBase/swConfig/./cppcheck/menu-Linux.sh ']'
+++ source /cvmfs/atlas.cern.ch/repo/ATLASLocalRootBase/swConfig/./cppcheck//menu-Linux.sh
++++ alrb_AvailableTools=' acm adctools art asetup astyle atlantis boost centralpage clang cmake cppcheck'
++++ return 0
+++ alrb_Quiet=NO
+++ for alrb_menuItem in ${alrb_dirAr[@]}
+++ alrb_QuietSaved=NO
+++ '[' -e /cvmfs/atlas.cern.ch/repo/ATLASLocalRootBase/swConfig/./cpuflags/menu-Linux.sh ']'
+++ source /cvmfs/atlas.cern.ch/repo/ATLASLocalRootBase/swConfig/./cpuflags//menu-Linux.sh
++++ alrb_AvailableTools=' acm adctools art asetup astyle atlantis boost centralpage clang cmake cppcheck cpuflags'
++++ return 0
+++ alrb_Quiet=NO
+++ for alrb_menuItem in ${alrb_dirAr[@]}
+++ alrb_QuietSaved=NO
+++ '[' -e /cvmfs/atlas.cern.ch/repo/ATLASLocalRootBase/swConfig/./crane/menu-Linux.sh ']'
+++ '[' -e /cvmfs/atlas.cern.ch/repo/ATLASLocalRootBase/swConfig/./crane/menu.sh ']'
+++ source /cvmfs/atlas.cern.ch/repo/ATLASLocalRootBase/swConfig/./crane/menu.sh
++++ alrb_AvailableTools=' acm adctools art asetup astyle atlantis boost centralpage clang cmake cppcheck cpuflags crane'
++++ return 0
+++ alrb_Quiet=NO
+++ for alrb_menuItem in ${alrb_dirAr[@]}
+++ alrb_QuietSaved=NO
+++ '[' -e /cvmfs/atlas.cern.ch/repo/ATLASLocalRootBase/swConfig/./curl/menu-Linux.sh ']'
+++ '[' -e /cvmfs/atlas.cern.ch/repo/ATLASLocalRootBase/swConfig/./curl/menu.sh ']'
+++ source /cvmfs/atlas.cern.ch/repo/ATLASLocalRootBase/swConfig/./curl/menu.sh
++++ alrb_AvailableTools=' acm adctools art asetup astyle atlantis boost centralpage clang cmake cppcheck cpuflags crane curl'
++++ return 0
+++ alrb_Quiet=NO
+++ for alrb_menuItem in ${alrb_dirAr[@]}
+++ alrb_QuietSaved=NO
+++ '[' -e /cvmfs/atlas.cern.ch/repo/ATLASLocalRootBase/swConfig/./darshan/menu-Linux.sh ']'
+++ source /cvmfs/atlas.cern.ch/repo/ATLASLocalRootBase/swConfig/./darshan//menu-Linux.sh
++++ alrb_AvailableTools=' acm adctools art asetup astyle atlantis boost centralpage clang cmake cppcheck cpuflags crane curl darshan'
++++ return 0
+++ alrb_Quiet=NO
+++ for alrb_menuItem in ${alrb_dirAr[@]}
+++ alrb_QuietSaved=NO
+++ '[' -e /cvmfs/atlas.cern.ch/repo/ATLASLocalRootBase/swConfig/./davix/menu-Linux.sh ']'
+++ source /cvmfs/atlas.cern.ch/repo/ATLASLocalRootBase/swConfig/./davix//menu-Linux.sh
++++ alias 'localSetupDavix=source ${ATLAS_LOCAL_ROOT_BASE}/utilities/oldAliasSetup.sh davix'
++++ alrb_AvailableTools=' acm adctools art asetup astyle atlantis boost centralpage clang cmake cppcheck cpuflags crane curl darshan davix'
++++ return 0
+++ alrb_Quiet=NO
+++ for alrb_menuItem in ${alrb_dirAr[@]}
+++ alrb_QuietSaved=NO
+++ '[' -e /cvmfs/atlas.cern.ch/repo/ATLASLocalRootBase/swConfig/./dcube/menu-Linux.sh ']'
+++ source /cvmfs/atlas.cern.ch/repo/ATLASLocalRootBase/swConfig/./dcube//menu-Linux.sh
++++ alrb_AvailableTools=' acm adctools art asetup astyle atlantis boost centralpage clang cmake cppcheck cpuflags crane curl darshan davix dcube'
++++ return 0
+++ alrb_Quiet=NO
+++ for alrb_menuItem in ${alrb_dirAr[@]}
+++ alrb_QuietSaved=NO
+++ '[' -e /cvmfs/atlas.cern.ch/repo/ATLASLocalRootBase/swConfig/./eiclient/menu-Linux.sh ']'
+++ '[' -e /cvmfs/atlas.cern.ch/repo/ATLASLocalRootBase/swConfig/./eiclient/menu.sh ']'
+++ source /cvmfs/atlas.cern.ch/repo/ATLASLocalRootBase/swConfig/./eiclient/menu.sh
++++ '[' NO = NO ']'
++++ /cvmfs/atlas.cern.ch/repo/ATLASLocalRootBase/swConfig/printMenu.sh eiclient 1
[7m lsetup eiclient    [0m  Event Index 
++++ alias 'localSetupEIClient=source ${ATLAS_LOCAL_ROOT_BASE}/utilities/oldAliasSetup.sh eiclient'
++++ alrb_AvailableTools=' acm adctools art asetup astyle atlantis boost centralpage clang cmake cppcheck cpuflags crane curl darshan davix dcube eiclient'
++++ return 0
+++ alrb_Quiet=NO
+++ for alrb_menuItem in ${alrb_dirAr[@]}
+++ alrb_QuietSaved=NO
+++ '[' -e /cvmfs/atlas.cern.ch/repo/ATLASLocalRootBase/swConfig/./emi/menu-Linux.sh ']'
+++ source /cvmfs/atlas.cern.ch/repo/ATLASLocalRootBase/swConfig/./emi//menu-Linux.sh
++++ '[' NO = NO ']'
++++ /cvmfs/atlas.cern.ch/repo/ATLASLocalRootBase/swConfig/printMenu.sh emi 1
[7m lsetup emi         [0m  EMI: grid middleware user interface 
++++ alias 'localSetupEmi=source ${ATLAS_LOCAL_ROOT_BASE}/utilities/oldAliasSetup.sh emi'
++++ alrb_AvailableTools=' acm adctools art asetup astyle atlantis boost centralpage clang cmake cppcheck cpuflags crane curl darshan davix dcube eiclient emi'
++++ return 0
+++ alrb_Quiet=NO
+++ for alrb_menuItem in ${alrb_dirAr[@]}
+++ alrb_QuietSaved=NO
+++ '[' -e /cvmfs/atlas.cern.ch/repo/ATLASLocalRootBase/swConfig/./fftw/menu-Linux.sh ']'
+++ source /cvmfs/atlas.cern.ch/repo/ATLASLocalRootBase/swConfig/./fftw//menu-Linux.sh
++++ alrb_AvailableTools=' acm adctools art asetup astyle atlantis boost centralpage clang cmake cppcheck cpuflags crane curl darshan davix dcube eiclient emi fftw'
++++ return 0
+++ alrb_Quiet=NO
+++ for alrb_menuItem in ${alrb_dirAr[@]}
+++ alrb_QuietSaved=NO
+++ '[' -e /cvmfs/atlas.cern.ch/repo/ATLASLocalRootBase/swConfig/./gcc/menu-Linux.sh ']'
+++ source /cvmfs/atlas.cern.ch/repo/ATLASLocalRootBase/swConfig/./gcc//menu-Linux.sh
++++ alias 'localSetupGcc=source ${ATLAS_LOCAL_ROOT_BASE}/utilities/oldAliasSetup.sh gcc'
++++ alrb_AvailableTools=' acm adctools art asetup astyle atlantis boost centralpage clang cmake cppcheck cpuflags crane curl darshan davix dcube eiclient emi fftw gcc'
++++ return 0
+++ alrb_Quiet=NO
+++ for alrb_menuItem in ${alrb_dirAr[@]}
+++ alrb_QuietSaved=NO
+++ '[' -e /cvmfs/atlas.cern.ch/repo/ATLASLocalRootBase/swConfig/./gccxml/menu-Linux.sh ']'
+++ source /cvmfs/atlas.cern.ch/repo/ATLASLocalRootBase/swConfig/./gccxml//menu-Linux.sh
++++ alrb_AvailableTools=' acm adctools art asetup astyle atlantis boost centralpage clang cmake cppcheck cpuflags crane curl darshan davix dcube eiclient emi fftw gcc gccxml'
++++ return 0
+++ alrb_Quiet=NO
+++ for alrb_menuItem in ${alrb_dirAr[@]}
+++ alrb_QuietSaved=NO
+++ '[' -e /cvmfs/atlas.cern.ch/repo/ATLASLocalRootBase/swConfig/./git/menu-Linux.sh ']'
+++ source /cvmfs/atlas.cern.ch/repo/ATLASLocalRootBase/swConfig/./git//menu-Linux.sh
++++ alrb_AvailableTools=' acm adctools art asetup astyle atlantis boost centralpage clang cmake cppcheck cpuflags crane curl darshan davix dcube eiclient emi fftw gcc gccxml git'
++++ return 0
+++ alrb_Quiet=NO
+++ for alrb_menuItem in ${alrb_dirAr[@]}
+++ alrb_QuietSaved=NO
+++ '[' -e /cvmfs/atlas.cern.ch/repo/ATLASLocalRootBase/swConfig/./gitlab/menu-Linux.sh ']'
+++ source /cvmfs/atlas.cern.ch/repo/ATLASLocalRootBase/swConfig/./gitlab//menu-Linux.sh
++++ alrb_AvailableTools=' acm adctools art asetup astyle atlantis boost centralpage clang cmake cppcheck cpuflags crane curl darshan davix dcube eiclient emi fftw gcc gccxml git gitlab'
++++ return 0
+++ alrb_Quiet=NO
+++ for alrb_menuItem in ${alrb_dirAr[@]}
+++ alrb_QuietSaved=NO
+++ '[' -e /cvmfs/atlas.cern.ch/repo/ATLASLocalRootBase/swConfig/./gsl/menu-Linux.sh ']'
+++ source /cvmfs/atlas.cern.ch/repo/ATLASLocalRootBase/swConfig/./gsl//menu-Linux.sh
++++ alrb_AvailableTools=' acm adctools art asetup astyle atlantis boost centralpage clang cmake cppcheck cpuflags crane curl darshan davix dcube eiclient emi fftw gcc gccxml git gitlab gsl'
++++ return 0
+++ alrb_Quiet=NO
+++ for alrb_menuItem in ${alrb_dirAr[@]}
+++ alrb_QuietSaved=NO
+++ '[' -e /cvmfs/atlas.cern.ch/repo/ATLASLocalRootBase/swConfig/./hdf5/menu-Linux.sh ']'
+++ source /cvmfs/atlas.cern.ch/repo/ATLASLocalRootBase/swConfig/./hdf5//menu-Linux.sh
++++ alrb_AvailableTools=' acm adctools art asetup astyle atlantis boost centralpage clang cmake cppcheck cpuflags crane curl darshan davix dcube eiclient emi fftw gcc gccxml git gitlab gsl hdf5'
++++ return 0
+++ alrb_Quiet=NO
+++ for alrb_menuItem in ${alrb_dirAr[@]}
+++ alrb_QuietSaved=NO
+++ '[' -e /cvmfs/atlas.cern.ch/repo/ATLASLocalRootBase/swConfig/./java/menu-Linux.sh ']'
+++ '[' -e /cvmfs/atlas.cern.ch/repo/ATLASLocalRootBase/swConfig/./java/menu.sh ']'
+++ alrb_Quiet=NO
+++ for alrb_menuItem in ${alrb_dirAr[@]}
+++ alrb_QuietSaved=NO
+++ '[' -e /cvmfs/atlas.cern.ch/repo/ATLASLocalRootBase/swConfig/./lcgenv/menu-Linux.sh ']'
+++ source /cvmfs/atlas.cern.ch/repo/ATLASLocalRootBase/swConfig/./lcgenv//menu-Linux.sh
++++ '[' /cvmfs/sft.cern.ch/lcg = none ']'
++++ '[' NO = NO ']'
++++ /cvmfs/atlas.cern.ch/repo/ATLASLocalRootBase/swConfig/printMenu.sh lcgenv 1
[7m lsetup lcgenv      [0m  lcgenv: setup tools from cvmfs SFT repository
++++ alrb_AvailableTools=' acm adctools art asetup astyle atlantis boost centralpage clang cmake cppcheck cpuflags crane curl darshan davix dcube eiclient emi fftw gcc gccxml git gitlab gsl hdf5 lcgenv'
++++ export 'ALRB_availableTools= acm adctools art asetup astyle atlantis boost centralpage clang cmake cppcheck cpuflags crane curl darshan davix dcube eiclient emi fftw gcc gccxml git gitlab gsl hdf5 lcgenv'
++++ ALRB_availableTools=' acm adctools art asetup astyle atlantis boost centralpage clang cmake cppcheck cpuflags crane curl darshan davix dcube eiclient emi fftw gcc gccxml git gitlab gsl hdf5 lcgenv'
++++ return 0
+++ alrb_Quiet=NO
+++ for alrb_menuItem in ${alrb_dirAr[@]}
+++ alrb_QuietSaved=NO
+++ '[' -e /cvmfs/atlas.cern.ch/repo/ATLASLocalRootBase/swConfig/./logstash/menu-Linux.sh ']'
+++ source /cvmfs/atlas.cern.ch/repo/ATLASLocalRootBase/swConfig/./logstash//menu-Linux.sh
++++ alrb_AvailableTools=' acm adctools art asetup astyle atlantis boost centralpage clang cmake cppcheck cpuflags crane curl darshan davix dcube eiclient emi fftw gcc gccxml git gitlab gsl hdf5 lcgenv logstash'
++++ return 0
+++ alrb_Quiet=NO
+++ for alrb_menuItem in ${alrb_dirAr[@]}
+++ alrb_QuietSaved=NO
+++ '[' -e /cvmfs/atlas.cern.ch/repo/ATLASLocalRootBase/swConfig/./pacman/menu-Linux.sh ']'
+++ source /cvmfs/atlas.cern.ch/repo/ATLASLocalRootBase/swConfig/./pacman//menu-Linux.sh
++++ alias 'localSetupPacman=source ${ATLAS_LOCAL_ROOT_BASE}/utilities/oldAliasSetup.sh pacman'
++++ alrb_AvailableTools=' acm adctools art asetup astyle atlantis boost centralpage clang cmake cppcheck cpuflags crane curl darshan davix dcube eiclient emi fftw gcc gccxml git gitlab gsl hdf5 lcgenv logstash pacman'
++++ return 0
+++ alrb_Quiet=NO
+++ for alrb_menuItem in ${alrb_dirAr[@]}
+++ alrb_QuietSaved=NO
+++ '[' -e /cvmfs/atlas.cern.ch/repo/ATLASLocalRootBase/swConfig/./pacparser/menu-Linux.sh ']'
+++ source /cvmfs/atlas.cern.ch/repo/ATLASLocalRootBase/swConfig/./pacparser//menu-Linux.sh
++++ alrb_AvailableTools=' acm adctools art asetup astyle atlantis boost centralpage clang cmake cppcheck cpuflags crane curl darshan davix dcube eiclient emi fftw gcc gccxml git gitlab gsl hdf5 lcgenv logstash pacman pacparser'
++++ return 0
+++ alrb_Quiet=NO
+++ for alrb_menuItem in ${alrb_dirAr[@]}
+++ alrb_QuietSaved=NO
+++ '[' -e /cvmfs/atlas.cern.ch/repo/ATLASLocalRootBase/swConfig/./panda/menu-Linux.sh ']'
+++ source /cvmfs/atlas.cern.ch/repo/ATLASLocalRootBase/swConfig/./panda//menu-Linux.sh
++++ '[' NO = NO ']'
++++ /cvmfs/atlas.cern.ch/repo/ATLASLocalRootBase/swConfig/printMenu.sh panda 1
[7m lsetup panda       [0m  Panda: Production ANd Distributed Analysis
++++ alias 'localSetupPandaClient=source ${ATLAS_LOCAL_ROOT_BASE}/utilities/oldAliasSetup.sh panda'
++++ alrb_AvailableTools=' acm adctools art asetup astyle atlantis boost centralpage clang cmake cppcheck cpuflags crane curl darshan davix dcube eiclient emi fftw gcc gccxml git gitlab gsl hdf5 lcgenv logstash pacman pacparser panda'
++++ return 0
+++ alrb_Quiet=NO
+++ for alrb_menuItem in ${alrb_dirAr[@]}
+++ alrb_QuietSaved=NO
+++ '[' -e /cvmfs/atlas.cern.ch/repo/ATLASLocalRootBase/swConfig/./png/menu-Linux.sh ']'
+++ source /cvmfs/atlas.cern.ch/repo/ATLASLocalRootBase/swConfig/./png//menu-Linux.sh
++++ alrb_AvailableTools=' acm adctools art asetup astyle atlantis boost centralpage clang cmake cppcheck cpuflags crane curl darshan davix dcube eiclient emi fftw gcc gccxml git gitlab gsl hdf5 lcgenv logstash pacman pacparser panda png'
++++ return 0
+++ alrb_Quiet=NO
+++ for alrb_menuItem in ${alrb_dirAr[@]}
+++ alrb_QuietSaved=NO
+++ '[' -e /cvmfs/atlas.cern.ch/repo/ATLASLocalRootBase/swConfig/./prmon/menu-Linux.sh ']'
+++ source /cvmfs/atlas.cern.ch/repo/ATLASLocalRootBase/swConfig/./prmon//menu-Linux.sh
++++ alrb_AvailableTools=' acm adctools art asetup astyle atlantis boost centralpage clang cmake cppcheck cpuflags crane curl darshan davix dcube eiclient emi fftw gcc gccxml git gitlab gsl hdf5 lcgenv logstash pacman pacparser panda png prmon'
++++ return 0
+++ alrb_Quiet=NO
+++ for alrb_menuItem in ${alrb_dirAr[@]}
+++ alrb_QuietSaved=NO
+++ '[' -e /cvmfs/atlas.cern.ch/repo/ATLASLocalRootBase/swConfig/./psutil/menu-Linux.sh ']'
+++ source /cvmfs/atlas.cern.ch/repo/ATLASLocalRootBase/swConfig/./psutil//menu-Linux.sh
++++ alrb_AvailableTools=' acm adctools art asetup astyle atlantis boost centralpage clang cmake cppcheck cpuflags crane curl darshan davix dcube eiclient emi fftw gcc gccxml git gitlab gsl hdf5 lcgenv logstash pacman pacparser panda png prmon psutil'
++++ return 0
+++ alrb_Quiet=NO
+++ for alrb_menuItem in ${alrb_dirAr[@]}
+++ alrb_QuietSaved=NO
+++ '[' -e /cvmfs/atlas.cern.ch/repo/ATLASLocalRootBase/swConfig/./pyami/menu-Linux.sh ']'
+++ '[' -e /cvmfs/atlas.cern.ch/repo/ATLASLocalRootBase/swConfig/./pyami/menu.sh ']'
+++ source /cvmfs/atlas.cern.ch/repo/ATLASLocalRootBase/swConfig/./pyami/menu.sh
++++ '[' NO = NO ']'
++++ /cvmfs/atlas.cern.ch/repo/ATLASLocalRootBase/swConfig/printMenu.sh pyami 1
[7m lsetup pyami       [0m  pyAMI: ATLAS Metadata Interface python client
++++ alias 'localSetupPyAMI=source ${ATLAS_LOCAL_ROOT_BASE}/utilities/oldAliasSetup.sh pyami'
++++ alrb_AvailableTools=' acm adctools art asetup astyle atlantis boost centralpage clang cmake cppcheck cpuflags crane curl darshan davix dcube eiclient emi fftw gcc gccxml git gitlab gsl hdf5 lcgenv logstash pacman pacparser panda png prmon psutil pyami'
++++ return 0
+++ alrb_Quiet=NO
+++ for alrb_menuItem in ${alrb_dirAr[@]}
+++ alrb_QuietSaved=NO
+++ '[' -e /cvmfs/atlas.cern.ch/repo/ATLASLocalRootBase/swConfig/./python/menu-Linux.sh ']'
+++ source /cvmfs/atlas.cern.ch/repo/ATLASLocalRootBase/swConfig/./python//menu-Linux.sh
++++ alias 'localSetupPython=source ${ATLAS_LOCAL_ROOT_BASE}/utilities/oldAliasSetup.sh python'
++++ alias atlasLocalPythonSetup=localSetupPython
++++ alrb_AvailableTools=' acm adctools art asetup astyle atlantis boost centralpage clang cmake cppcheck cpuflags crane curl darshan davix dcube eiclient emi fftw gcc gccxml git gitlab gsl hdf5 lcgenv logstash pacman pacparser panda png prmon psutil pyami python'
++++ return 0
+++ alrb_Quiet=NO
+++ for alrb_menuItem in ${alrb_dirAr[@]}
+++ alrb_QuietSaved=NO
+++ '[' -e /cvmfs/atlas.cern.ch/repo/ATLASLocalRootBase/swConfig/./rcsetup/menu-Linux.sh ']'
+++ '[' -e /cvmfs/atlas.cern.ch/repo/ATLASLocalRootBase/swConfig/./rcsetup/menu.sh ']'
+++ source /cvmfs/atlas.cern.ch/repo/ATLASLocalRootBase/swConfig/./rcsetup/menu.sh
++++ '[' /cvmfs/atlas.cern.ch/repo/sw/software = '' ']'
++++ '[' NO = NO ']'
++++ /cvmfs/atlas.cern.ch/repo/ATLASLocalRootBase/swConfig/printMenu.sh rcsetup 1
++++ alias 'changeRCSSetup=source $ATLAS_LOCAL_ROOT_BASE/swConfig/rcsetup/changeRcsetup.sh'
++++ alrb_AvailableTools=' acm adctools art asetup astyle atlantis boost centralpage clang cmake cppcheck cpuflags crane curl darshan davix dcube eiclient emi fftw gcc gccxml git gitlab gsl hdf5 lcgenv logstash pacman pacparser panda png prmon psutil pyami python rcsetup'
++++ export 'ALRB_availableTools= acm adctools art asetup astyle atlantis boost centralpage clang cmake cppcheck cpuflags crane curl darshan davix dcube eiclient emi fftw gcc gccxml git gitlab gsl hdf5 lcgenv logstash pacman pacparser panda png prmon psutil pyami python rcsetup'
++++ ALRB_availableTools=' acm adctools art asetup astyle atlantis boost centralpage clang cmake cppcheck cpuflags crane curl darshan davix dcube eiclient emi fftw gcc gccxml git gitlab gsl hdf5 lcgenv logstash pacman pacparser panda png prmon psutil pyami python rcsetup'
++++ command -v rcsetup
++++ [[ 1 != 0 ]]
++++ source /cvmfs/atlas.cern.ch/repo/ATLASLocalRootBase/packageSetups/localSetup.sh rcsetup -q
+++++ source /cvmfs/atlas.cern.ch/repo/ATLASLocalRootBase/utilities/checkAtlasLocalRoot.sh
++++++ '[' -z /cvmfs/atlas.cern.ch/repo/ATLASLocalRootBase ']'
++++++ '[' -z /afs/cern.ch/user/t/tofitsch/.alrb ']'
++++++ '[' -z /tmp/tofitsch/tofitsch/.alrb ']'
+++++++ echo /cvmfs/atlas.cern.ch/repo/ATLASLocalRootBase
+++++++ sed 's/\/$//'
++++++ alrb_tmpVal=/cvmfs/atlas.cern.ch/repo/ATLASLocalRootBase
++++++ '[' /cvmfs/atlas.cern.ch/repo/ATLASLocalRootBase '!=' /cvmfs/atlas.cern.ch/repo/ATLASLocalRootBase ']'
+++++++ /cvmfs/atlas.cern.ch/repo/ATLASLocalRootBase/utilities/getOSType.sh
++++++ alrb_osInfo='Linux 9 8 el'
+++++++ echo Linux 9 8 el
+++++++ cut -f 1 -d ' '
++++++ alrb_osType=Linux
++++++ '[' -z ']'
++++++ export ALRB_OSTYPE=Linux
++++++ ALRB_OSTYPE=Linux
+++++++ echo Linux 9 8 el
+++++++ cut -f 2 -d ' '
++++++ alrb_osMajorVer=9
++++++ '[' -z ']'
++++++ export ALRB_OSMAJORVER=9
++++++ ALRB_OSMAJORVER=9
+++++++ echo Linux 9 8 el
+++++++ cut -f 4 -d ' '
++++++ alrb_osFlavor=el
++++++ '[' -z ']'
++++++ export ALRB_OSFLAVOR=el
++++++ ALRB_OSFLAVOR=el
++++++ unset alrb_osInfo alrb_osType alrb_osMajorVer alrb_osFlavor
++++++ '[' -z ']'
+++++++ /cvmfs/atlas.cern.ch/repo/ATLASLocalRootBase/utilities/getArchType.sh
++++++ ATLAS_LOCAL_ROOT_ARCH=x86_64
++++++ ATLAS_LOCAL_ROOT=/cvmfs/atlas.cern.ch/repo/ATLASLocalRootBase/x86_64
++++++ '[' '!' -e /cvmfs/atlas.cern.ch/repo/ATLASLocalRootBase/x86_64 ']'
++++++ export ATLAS_LOCAL_ROOT
++++++ export ATLAS_LOCAL_ROOT_ARCH
++++++ '[' -z /cvmfs/atlas.cern.ch/repo ']'
++++++ '[' -z /cvmfs/atlas-condb.cern.ch/repo ']'
++++++ '[' -z /cvmfs/atlas-nightlies.cern.ch/repo ']'
++++++ '[' -z /cvmfs/sft.cern.ch/lcg ']'
++++++ '[' -z /cvmfs/sft-nightlies.cern.ch/lcg ']'
++++++ '[' -z /cvmfs/unpacked.cern.ch ']'
++++++ '[' -d /cvmfs/atlas.cern.ch/repo/sw ']'
++++++ export ALRB_cvmfs_ALRB=/cvmfs/atlas.cern.ch/repo/ATLASLocalRootBase
++++++ ALRB_cvmfs_ALRB=/cvmfs/atlas.cern.ch/repo/ATLASLocalRootBase
++++++ export ALRB_cvmfs_Athena=/cvmfs/atlas.cern.ch/repo/sw/software
++++++ ALRB_cvmfs_Athena=/cvmfs/atlas.cern.ch/repo/sw/software
++++++ '[' -d /cvmfs/atlas-condb.cern.ch/repo/conditions ']'
++++++ export ALRB_cvmfs_CDB=/cvmfs/atlas-condb.cern.ch/repo/conditions
++++++ ALRB_cvmfs_CDB=/cvmfs/atlas-condb.cern.ch/repo/conditions
++++++ ATLAS_LOCAL_ROOT_PACOPT=
++++++ '[' -e /etc/issue ']'
+++++++ grep 'CERN Virtual Machine' /etc/issue
++++++ alrb_result=
++++++ '[' 1 -eq 0 ']'
++++++ '[' '!' -z ']'
++++++ export ATLAS_LOCAL_ROOT_PACOPT
+++++++ ps -o command= 779831
+++++++ sed -e 's|^.*qemu-x86_64 ||g'
+++++++ cut -f 1 -d ' '
++++++ alrb_tmpVal=bash
+++++++ echo bash
+++++++ sed s/-//g
++++++ export ALRB_SHELL=bash
++++++ ALRB_SHELL=bash
++++++ echo bash
++++++ grep bash
++++++ '[' 0 -eq 0 ']'
++++++ export ALRB_SHELL=bash
++++++ ALRB_SHELL=bash
++++++ '[' Linux = Linux ']'
++++++ export ALRB_RHVER=9
++++++ ALRB_RHVER=9
++++++ '[' -d /cvmfs/sft.cern.ch/lcg ']'
++++++ export ALRB_SFT_LCG=/cvmfs/sft.cern.ch/lcg
++++++ ALRB_SFT_LCG=/cvmfs/sft.cern.ch/lcg
++++++ export ALRB_SFT_LCGEXT_MAP=/cvmfs/sft.cern.ch/lcg/mapfile.txt
++++++ ALRB_SFT_LCGEXT_MAP=/cvmfs/sft.cern.ch/lcg/mapfile.txt
++++++ '[' -d /cvmfs/sft-nightlies.cern.ch/lcg ']'
++++++ export ALRB_SFTNIGHT_LCG=/cvmfs/sft-nightlies.cern.ch/lcg
++++++ ALRB_SFTNIGHT_LCG=/cvmfs/sft-nightlies.cern.ch/lcg
+++++++ uname -a
++++++ export 'ALRB_infoUname=Linux lxplus925.cern.ch 5.14.0-611.55.1.el9_7.x86_64 #1 SMP PREEMPT_DYNAMIC Sat May 9 13:31:46 EDT 2026 x86_64 x86_64 x86_64 GNU/Linux'
++++++ ALRB_infoUname='Linux lxplus925.cern.ch 5.14.0-611.55.1.el9_7.x86_64 #1 SMP PREEMPT_DYNAMIC Sat May 9 13:31:46 EDT 2026 x86_64 x86_64 x86_64 GNU/Linux'
++++++ '[' Linux = Linux ']'
+++++++ cat /proc/cpuinfo
+++++++ grep -e 'model name'
+++++++ sort -u
++++++ export 'ALRB_infoProc=model name	: AMD EPYC-Milan Processor'
++++++ ALRB_infoProc='model name	: AMD EPYC-Milan Processor'
++++++ unset alrb_result alrb_tmpVal
+++++ '[' -z 'acm:0.1.34 asetup:V03-01-31  ' ']'
+++++ alrb_lsWorkdir=/tmp/tofitsch/tofitsch/.alrb/localSetup
+++++ mkdir -p /tmp/tofitsch/tofitsch/.alrb/localSetup
+++++ alrb_rc=0
+++++ '[' 0 -ne 0 ']'
+++++ '[' '!' -z ']'
+++++ unset alrb_lsHistory
++++++ mktemp -d /tmp/tofitsch/tofitsch/.alrb/localSetup/ls.XXXXXX
+++++ alrb_lsWorkarea=/tmp/tofitsch/tofitsch/.alrb/localSetup/ls.d2yK0y
+++++ touch /tmp/tofitsch/tofitsch/.alrb/localSetup/ls.d2yK0y/client.sh
++++++ seq 1 2
+++++ for alrb_pass in `seq 1 2`
+++++ let alrb_lastPass=2
+++++ export ALRB_clientShell=bash
+++++ ALRB_clientShell=bash
++++++ /cvmfs/atlas.cern.ch/repo/ATLASLocalRootBase/utilities/isGridSetup.sh
+++++ alrb_gridType=none
+++++ export ALRB_gridType=none
+++++ ALRB_gridType=none
+++++ '[' -z /tmp/tofitsch/tofitsch/.alrb/localSetup/ls.d2yK0y ']'
+++++ '[' -e /tmp/tofitsch/tofitsch/.alrb/localSetup/ls.d2yK0y/finishedPass ']'
+++++ '[' 1 -eq 2 ']'
+++++ '[' '!' -z '' ']'
++++++ which java
+++++ alrb_whichJava='++++++ alias
++++++ eval declare -f
++++++ /usr/bin/which --tty-only --read-alias --read-functions --show-tilde --show-dot java
+++++++ declare -f
/usr/bin/java'
+++++ alrb_rc=0
+++++ '[' 0 -ne 0 ']'
+++++ echo 'alrb_whichJava="++++++ alias
++++++ eval declare -f
++++++ /usr/bin/which --tty-only --read-alias --read-functions --show-tilde --show-dot java
+++++++ declare -f
/usr/bin/java"'
++++++ source /cvmfs/atlas.cern.ch/repo/ATLASLocalRootBase/utilities/getCurrentEnv.sh
+++++++ alrb_currentEnv=
+++++++ for alrb_pyName in python python2 python3
++++++++ type python
+++++++ alrb_type='python is /afs/cern.ch/user/t/tofitsch/bin/python'
+++++++ '[' 0 -eq 0 ']'
+++++++ echo python is /afs/cern.ch/user/t/tofitsch/bin/python
+++++++ grep -e alias
+++++++ '[' 1 -eq 0 ']'
++++++++ python -V
++++++++ awk '{print $2}'
+++++++ alrb_version=3.9.25
++++++++ uname -m
+++++++ alrb_exeArch=x86_64
+++++++ alrb_currentEnv=';python:ver=3.9.25:arch=x86_64:'
+++++++ for alrb_pyName in python python2 python3
++++++++ type python2
+++++++ alrb_type='/cvmfs/atlas.cern.ch/repo/ATLASLocalRootBase/utilities/getCurrentEnv.sh: line 20: type: python2: not found'
+++++++ '[' 1 -eq 0 ']'
+++++++ for alrb_pyName in python python2 python3
++++++++ type python3
+++++++ alrb_type='python3 is /usr/bin/python3'
+++++++ '[' 0 -eq 0 ']'
+++++++ echo python3 is /usr/bin/python3
+++++++ grep -e alias
+++++++ '[' 1 -eq 0 ']'
++++++++ python3 -V
++++++++ awk '{print $2}'
+++++++ alrb_version=3.9.25
++++++++ uname -m
+++++++ alrb_exeArch=x86_64
+++++++ alrb_currentEnv=';python:ver=3.9.25:arch=x86_64:;python3:ver=3.9.25:arch=x86_64:'
+++++++ '[' Linux = MacOSX ']'
++++++++ gcc -dumpversion
+++++++ alrb_version=11
+++++++ '[' 0 -eq 0 ']'
+++++++ alrb_currentEnv=';python:ver=3.9.25:arch=x86_64:;python3:ver=3.9.25:arch=x86_64:;gcc:ver=11:'
+++++++ echo ';python:ver=3.9.25:arch=x86_64:;python3:ver=3.9.25:arch=x86_64:;gcc:ver=11:;'
+++++++ unset alrb_version alrb_type alrb_exeArch alrb_currentEnv alrb_pyName
+++++++ return 0
+++++ alrb_preSetupEnv=';python:ver=3.9.25:arch=x86_64:;python3:ver=3.9.25:arch=x86_64:;gcc:ver=11:;'
+++++ '[' 0 -ne 0 ']'
+++++ echo 'alrb_preSetupEnv=";python:ver=3.9.25:arch=x86_64:;python3:ver=3.9.25:arch=x86_64:;gcc:ver=11:;"'
+++++ rm -f /tmp/tofitsch/tofitsch/.alrb/localSetup/ls.d2yK0y/setupScript.sh
+++++ /cvmfs/atlas.cern.ch/repo/ATLASLocalRootBase/utilities/validator.sh rcsetup -q -w /tmp/tofitsch/tofitsch/.alrb/localSetup/ls.d2yK0y -p Pass1
+++++ alrb_rc=0
+++++ '[' 0 -ne 0 ']'
+++++ '[' -e /tmp/tofitsch/tofitsch/.alrb/localSetup/ls.d2yK0y/preSetupScript.sh ']'
+++++ source /tmp/tofitsch/tofitsch/.alrb/localSetup/ls.d2yK0y/preSetupScript.sh
++++++ alrb_Quiet=YES
++++++ alrb_Force=NO
++++++ alrb_SkipConfirm=YES
+++++ '[' 0 -ne 0 ']'
+++++ rm -f /tmp/tofitsch/tofitsch/.alrb/localSetup/ls.d2yK0y/preSetupScript.sh
+++++ '[' -e /tmp/tofitsch/tofitsch/.alrb/localSetup/ls.d2yK0y/setupScript.sh ']'
+++++ source /tmp/tofitsch/tofitsch/.alrb/localSetup/ls.d2yK0y/setupScript.sh
++++++ alrb_Quiet=YES
++++++ alrb_Force=NO
++++++ alrb_SkipConfirm=YES
++++++ source /cvmfs/atlas.cern.ch/repo/ATLASLocalRootBase/swConfig/rcsetup/setup.sh 00-04-18 ''
+++++++ export ATLAS_LOCAL_RCSETUP_VERSION=00-04-18
+++++++ ATLAS_LOCAL_RCSETUP_VERSION=00-04-18
+++++++ deletePath PATH
+++++++ eval 'PATH=$(\echo $PATH | \sed -e s%\^""$%% -e s%\^""\:%% -e s%:""\:%:%g -e s%:""\$%%)'
+++++++++ echo /afs/cern.ch/user/t/tofitsch/.nvm/versions/node/v20.17.0/bin:/afs/cern.ch/atlas/scripts:/usr/sue/bin:/usr/share/Modules/bin:/usr/condabin:/usr/lib64/ccache:/usr/local/bin:/usr/bin:/usr/local/sbin:/usr/sbin:/opt/puppetlabs/bin:/afs/cern.ch/user/t/tofitsch/.local/bin:/afs/cern.ch/user/t/tofitsch/bin
+++++++++ sed -e 's%^$%%' -e 's%^:%%' -e s%::%:%g -e 's%:$%%'
++++++++ PATH=/afs/cern.ch/user/t/tofitsch/.nvm/versions/node/v20.17.0/bin:/afs/cern.ch/atlas/scripts:/usr/sue/bin:/usr/share/Modules/bin:/usr/condabin:/usr/lib64/ccache:/usr/local/bin:/usr/bin:/usr/local/sbin:/usr/sbin:/opt/puppetlabs/bin:/afs/cern.ch/user/t/tofitsch/.local/bin:/afs/cern.ch/user/t/tofitsch/bin
+++++++ export PATH
+++++++ export ATLAS_LOCAL_RCSETUP_PATH=/cvmfs/atlas.cern.ch/repo/ATLASLocalRootBase/x86_64/rcSetup/00-04-18
+++++++ ATLAS_LOCAL_RCSETUP_PATH=/cvmfs/atlas.cern.ch/repo/ATLASLocalRootBase/x86_64/rcSetup/00-04-18
+++++++ '[' NO = YES ']'
+++++++ export rcSetup=/cvmfs/atlas.cern.ch/repo/ATLASLocalRootBase/x86_64/rcSetup/00-04-18
+++++++ rcSetup=/cvmfs/atlas.cern.ch/repo/ATLASLocalRootBase/x86_64/rcSetup/00-04-18
++++++++ alias rcSetup
+++++++ alrb_tmpVal='/cvmfs/atlas.cern.ch/repo/ATLASLocalRootBase/swConfig/rcsetup/setup.sh: line 37: alias: rcSetup: not found'
+++++++ '[' 1 -eq 0 ']'
++++++++ alias rcsetup
+++++++ alrb_tmpVal='/cvmfs/atlas.cern.ch/repo/ATLASLocalRootBase/swConfig/rcsetup/setup.sh: line 41: alias: rcsetup: not found'
+++++++ '[' 1 -eq 0 ']'
+++++++ shift
+++++++ '[' -z True ']'
+++++++ unset alrb_tmpVal
+++++++ return 0
+++++ '[' 0 -ne 0 ']'
+++++ for alrb_pass in `seq 1 2`
+++++ let alrb_lastPass=2
+++++ export ALRB_clientShell=bash
+++++ ALRB_clientShell=bash
++++++ /cvmfs/atlas.cern.ch/repo/ATLASLocalRootBase/utilities/isGridSetup.sh
+++++ alrb_gridType=none
+++++ export ALRB_gridType=none
+++++ ALRB_gridType=none
+++++ '[' -z /tmp/tofitsch/tofitsch/.alrb/localSetup/ls.d2yK0y ']'
+++++ '[' -e /tmp/tofitsch/tofitsch/.alrb/localSetup/ls.d2yK0y/finishedPass ']'
+++++ continue
+++++ '[' -e /tmp/tofitsch/tofitsch/.alrb/localSetup/ls.d2yK0y/postSetupScript.sh ']'
++++++ source /cvmfs/atlas.cern.ch/repo/ATLASLocalRootBase/utilities/getCurrentEnv.sh
+++++++ alrb_currentEnv=
+++++++ for alrb_pyName in python python2 python3
++++++++ type python
+++++++ alrb_type='python is /afs/cern.ch/user/t/tofitsch/bin/python'
+++++++ '[' 0 -eq 0 ']'
+++++++ echo python is /afs/cern.ch/user/t/tofitsch/bin/python
+++++++ grep -e alias
+++++++ '[' 1 -eq 0 ']'
++++++++ python -V
++++++++ awk '{print $2}'
+++++++ alrb_version=3.9.25
++++++++ uname -m
+++++++ alrb_exeArch=x86_64
+++++++ alrb_currentEnv=';python:ver=3.9.25:arch=x86_64:'
+++++++ for alrb_pyName in python python2 python3
++++++++ type python2
+++++++ alrb_type='/cvmfs/atlas.cern.ch/repo/ATLASLocalRootBase/utilities/getCurrentEnv.sh: line 20: type: python2: not found'
+++++++ '[' 1 -eq 0 ']'
+++++++ for alrb_pyName in python python2 python3
++++++++ type python3
+++++++ alrb_type='python3 is /usr/bin/python3'
+++++++ '[' 0 -eq 0 ']'
+++++++ echo python3 is /usr/bin/python3
+++++++ grep -e alias
+++++++ '[' 1 -eq 0 ']'
++++++++ python3 -V
++++++++ awk '{print $2}'
+++++++ alrb_version=3.9.25
++++++++ uname -m
+++++++ alrb_exeArch=x86_64
+++++++ alrb_currentEnv=';python:ver=3.9.25:arch=x86_64:;python3:ver=3.9.25:arch=x86_64:'
+++++++ '[' Linux = MacOSX ']'
++++++++ gcc -dumpversion
+++++++ alrb_version=11
+++++++ '[' 0 -eq 0 ']'
+++++++ alrb_currentEnv=';python:ver=3.9.25:arch=x86_64:;python3:ver=3.9.25:arch=x86_64:;gcc:ver=11:'
+++++++ echo ';python:ver=3.9.25:arch=x86_64:;python3:ver=3.9.25:arch=x86_64:;gcc:ver=11:;'
+++++++ unset alrb_version alrb_type alrb_exeArch alrb_currentEnv alrb_pyName
+++++++ return 0
+++++ alrb_postSetupEnv=';python:ver=3.9.25:arch=x86_64:;python3:ver=3.9.25:arch=x86_64:;gcc:ver=11:;'
+++++ '[' 0 -ne 0 ']'
+++++ '[' '!' -z '' ']'
++++++ which java
+++++ alrb_whichJava='++++++ alias
++++++ eval declare -f
+++++++ declare -f
++++++ /usr/bin/which --tty-only --read-alias --read-functions --show-tilde --show-dot java
/usr/bin/java'
+++++ '[' 0 -ne 0 ']'
+++++ alrb_currentJavaVersion=
+++++ '[' '++++++ alias
++++++ eval declare -f
+++++++ declare -f
++++++ /usr/bin/which --tty-only --read-alias --read-functions --show-tilde --show-dot java
/usr/bin/java' '!=' '' ']'
++++++ ++++++ alias ++++++ eval declare -f +++++++ declare -f ++++++ /usr/bin/which --tty-only --read-alias --read-functions --show-tilde --show-dot java /usr/bin/java -version
+++++ alrb_tmpVal='/cvmfs/atlas.cern.ch/repo/ATLASLocalRootBase/packageSetups/localSetup.sh: line 144: ++++++: command not found'
+++++ '[' 127 -eq 0 ']'
+++++ source /tmp/tofitsch/tofitsch/.alrb/localSetup/ls.d2yK0y/postSetupScript.sh
++++++ alrb_Quiet=YES
++++++ alrb_Force=NO
++++++ alrb_SkipConfirm=YES
++++++ ALRB_requestedVersions='rcsetup:00-04-18  acm:0.1.34 asetup:V03-01-31  '
++++++ unset alrb_Quiet alrb_SkipConfirm alrb_Force
+++++ '[' 0 -ne 0 ']'
+++++ export ALRB_requestedVersions
+++++ rm -rf /tmp/tofitsch/tofitsch/.alrb/localSetup/ls.d2yK0y
+++++ unset alrb_lsWorkdir alrb_lsWorkarea alrb_item alrb_tool alrb_toolVersion alrb_postSetupEnv alrb_preSetupEnv alrb_gridType alrb_whichJava alrb_pass alrb_lastPass alrb_rc alrb_tmpVal alrb_currentJavaVersion alrb_tmpValN
+++++ return 0
++++ return 0
+++ alrb_Quiet=NO
+++ for alrb_menuItem in ${alrb_dirAr[@]}
+++ alrb_QuietSaved=NO
+++ '[' -e /cvmfs/atlas.cern.ch/repo/ATLASLocalRootBase/swConfig/./root/menu-Linux.sh ']'
+++ '[' -e /cvmfs/atlas.cern.ch/repo/ATLASLocalRootBase/swConfig/./root/menu.sh ']'
+++ source /cvmfs/atlas.cern.ch/repo/ATLASLocalRootBase/swConfig/./root/menu.sh
++++ '[' NO = NO ']'
++++ /cvmfs/atlas.cern.ch/repo/ATLASLocalRootBase/swConfig/printMenu.sh root 1
[7m lsetup root        [0m  ROOT data processing framework
++++ alias 'localSetupROOT=source ${ATLAS_LOCAL_ROOT_BASE}/utilities/oldAliasSetup.sh root'
++++ alrb_AvailableTools=' acm adctools art asetup astyle atlantis boost centralpage clang cmake cppcheck cpuflags crane curl darshan davix dcube eiclient emi fftw gcc gccxml git gitlab gsl hdf5 lcgenv logstash pacman pacparser panda png prmon psutil pyami python rcsetup root'
++++ return 0
+++ alrb_Quiet=NO
+++ for alrb_menuItem in ${alrb_dirAr[@]}
+++ alrb_QuietSaved=NO
+++ '[' -e /cvmfs/atlas.cern.ch/repo/ATLASLocalRootBase/swConfig/./rucio/menu-Linux.sh ']'
+++ source /cvmfs/atlas.cern.ch/repo/ATLASLocalRootBase/swConfig/./rucio//menu-Linux.sh
++++ '[' NO = NO ']'
++++ /cvmfs/atlas.cern.ch/repo/ATLASLocalRootBase/swConfig/printMenu.sh rucio 1
[7m lsetup rucio       [0m  distributed data management system client
++++ alias 'localSetupRucioClients=source ${ATLAS_LOCAL_ROOT_BASE}/utilities/oldAliasSetup.sh rucio'
++++ alrb_AvailableTools=' acm adctools art asetup astyle atlantis boost centralpage clang cmake cppcheck cpuflags crane curl darshan davix dcube eiclient emi fftw gcc gccxml git gitlab gsl hdf5 lcgenv logstash pacman pacparser panda png prmon psutil pyami python rcsetup root rucio'
++++ return 0
+++ alrb_Quiet=NO
+++ for alrb_menuItem in ${alrb_dirAr[@]}
+++ alrb_QuietSaved=NO
+++ '[' -e /cvmfs/atlas.cern.ch/repo/ATLASLocalRootBase/swConfig/./scikit/menu-Linux.sh ']'
+++ source /cvmfs/atlas.cern.ch/repo/ATLASLocalRootBase/swConfig/./scikit//menu-Linux.sh
++++ '[' NO = NO ']'
++++ /cvmfs/atlas.cern.ch/repo/ATLASLocalRootBase/swConfig/printMenu.sh scikit 1
[7m lsetup scikit      [0m  python data analysis ecosystem
++++ alrb_AvailableTools=' acm adctools art asetup astyle atlantis boost centralpage clang cmake cppcheck cpuflags crane curl darshan davix dcube eiclient emi fftw gcc gccxml git gitlab gsl hdf5 lcgenv logstash pacman pacparser panda png prmon psutil pyami python rcsetup root rucio scikit'
++++ return 0
+++ alrb_Quiet=NO
+++ for alrb_menuItem in ${alrb_dirAr[@]}
+++ alrb_QuietSaved=NO
+++ '[' -e /cvmfs/atlas.cern.ch/repo/ATLASLocalRootBase/swConfig/./sft/menu-Linux.sh ']'
+++ source /cvmfs/atlas.cern.ch/repo/ATLASLocalRootBase/swConfig/./sft//menu-Linux.sh
++++ '[' /cvmfs/sft.cern.ch/lcg = none ']'
++++ '[' NO = NO ']'
++++ /cvmfs/atlas.cern.ch/repo/ATLASLocalRootBase/swConfig/printMenu.sh sft 1
++++ alias 'localSetupSFT=source ${ATLAS_LOCAL_ROOT_BASE}/utilities/oldAliasSetup.sh sft'
++++ alrb_AvailableTools=' acm adctools art asetup astyle atlantis boost centralpage clang cmake cppcheck cpuflags crane curl darshan davix dcube eiclient emi fftw gcc gccxml git gitlab gsl hdf5 lcgenv logstash pacman pacparser panda png prmon psutil pyami python rcsetup root rucio scikit sft'
++++ return 0
+++ alrb_Quiet=NO
+++ for alrb_menuItem in ${alrb_dirAr[@]}
+++ alrb_QuietSaved=NO
+++ '[' -e /cvmfs/atlas.cern.ch/repo/ATLASLocalRootBase/swConfig/./stomp/menu-Linux.sh ']'
+++ source /cvmfs/atlas.cern.ch/repo/ATLASLocalRootBase/swConfig/./stomp//menu-Linux.sh
++++ alrb_AvailableTools=' acm adctools art asetup astyle atlantis boost centralpage clang cmake cppcheck cpuflags crane curl darshan davix dcube eiclient emi fftw gcc gccxml git gitlab gsl hdf5 lcgenv logstash pacman pacparser panda png prmon psutil pyami python rcsetup root rucio scikit sft stomp'
++++ return 0
+++ alrb_Quiet=NO
+++ for alrb_menuItem in ${alrb_dirAr[@]}
+++ alrb_QuietSaved=NO
+++ '[' -e /cvmfs/atlas.cern.ch/repo/ATLASLocalRootBase/swConfig/./swmgr/menu-Linux.sh ']'
+++ source /cvmfs/atlas.cern.ch/repo/ATLASLocalRootBase/swConfig/./swmgr//menu-Linux.sh
++++ alrb_AvailableTools=' acm adctools art asetup astyle atlantis boost centralpage clang cmake cppcheck cpuflags crane curl darshan davix dcube eiclient emi fftw gcc gccxml git gitlab gsl hdf5 lcgenv logstash pacman pacparser panda png prmon psutil pyami python rcsetup root rucio scikit sft stomp swmgr'
++++ return 0
+++ alrb_Quiet=NO
+++ for alrb_menuItem in ${alrb_dirAr[@]}
+++ alrb_QuietSaved=NO
+++ '[' -e /cvmfs/atlas.cern.ch/repo/ATLASLocalRootBase/swConfig/./tbb/menu-Linux.sh ']'
+++ source /cvmfs/atlas.cern.ch/repo/ATLASLocalRootBase/swConfig/./tbb//menu-Linux.sh
++++ alrb_AvailableTools=' acm adctools art asetup astyle atlantis boost centralpage clang cmake cppcheck cpuflags crane curl darshan davix dcube eiclient emi fftw gcc gccxml git gitlab gsl hdf5 lcgenv logstash pacman pacparser panda png prmon psutil pyami python rcsetup root rucio scikit sft stomp swmgr tbb'
++++ return 0
+++ alrb_Quiet=NO
+++ for alrb_menuItem in ${alrb_dirAr[@]}
+++ alrb_QuietSaved=NO
+++ '[' -e /cvmfs/atlas.cern.ch/repo/ATLASLocalRootBase/swConfig/./varnish/menu-Linux.sh ']'
+++ source /cvmfs/atlas.cern.ch/repo/ATLASLocalRootBase/swConfig/./varnish//menu-Linux.sh
++++ alrb_AvailableTools=' acm adctools art asetup astyle atlantis boost centralpage clang cmake cppcheck cpuflags crane curl darshan davix dcube eiclient emi fftw gcc gccxml git gitlab gsl hdf5 lcgenv logstash pacman pacparser panda png prmon psutil pyami python rcsetup root rucio scikit sft stomp swmgr tbb varnish'
++++ return 0
+++ alrb_Quiet=NO
+++ for alrb_menuItem in ${alrb_dirAr[@]}
+++ alrb_QuietSaved=NO
+++ '[' -e /cvmfs/atlas.cern.ch/repo/ATLASLocalRootBase/swConfig/./views/menu-Linux.sh ']'
+++ source /cvmfs/atlas.cern.ch/repo/ATLASLocalRootBase/swConfig/./views//menu-Linux.sh
++++ '[' /cvmfs/sft.cern.ch/lcg = none ']'
++++ '[' NO = NO ']'
++++ /cvmfs/atlas.cern.ch/repo/ATLASLocalRootBase/swConfig/printMenu.sh views 1
[7m lsetup views       [0m  Set up a full LCG release
++++ export VIEWSDIR=/cvmfs/sft.cern.ch/lcg/views
++++ VIEWSDIR=/cvmfs/sft.cern.ch/lcg/views
++++ alrb_AvailableTools=' acm adctools art asetup astyle atlantis boost centralpage clang cmake cppcheck cpuflags crane curl darshan davix dcube eiclient emi fftw gcc gccxml git gitlab gsl hdf5 lcgenv logstash pacman pacparser panda png prmon psutil pyami python rcsetup root rucio scikit sft stomp swmgr tbb varnish views'
++++ export 'ALRB_availableTools= acm adctools art asetup astyle atlantis boost centralpage clang cmake cppcheck cpuflags crane curl darshan davix dcube eiclient emi fftw gcc gccxml git gitlab gsl hdf5 lcgenv logstash pacman pacparser panda png prmon psutil pyami python rcsetup root rucio scikit sft stomp swmgr tbb varnish views'
++++ ALRB_availableTools=' acm adctools art asetup astyle atlantis boost centralpage clang cmake cppcheck cpuflags crane curl darshan davix dcube eiclient emi fftw gcc gccxml git gitlab gsl hdf5 lcgenv logstash pacman pacparser panda png prmon psutil pyami python rcsetup root rucio scikit sft stomp swmgr tbb varnish views'
++++ return 0
+++ alrb_Quiet=NO
+++ for alrb_menuItem in ${alrb_dirAr[@]}
+++ alrb_QuietSaved=NO
+++ '[' -e /cvmfs/atlas.cern.ch/repo/ATLASLocalRootBase/swConfig/./xcache/menu-Linux.sh ']'
+++ source /cvmfs/atlas.cern.ch/repo/ATLASLocalRootBase/swConfig/./xcache//menu-Linux.sh
++++ '[' NO = NO ']'
++++ /cvmfs/atlas.cern.ch/repo/ATLASLocalRootBase/swConfig/printMenu.sh xcache 1
[7m lsetup xcache      [0m  XRootD local proxy cache
++++ alrb_AvailableTools=' acm adctools art asetup astyle atlantis boost centralpage clang cmake cppcheck cpuflags crane curl darshan davix dcube eiclient emi fftw gcc gccxml git gitlab gsl hdf5 lcgenv logstash pacman pacparser panda png prmon psutil pyami python rcsetup root rucio scikit sft stomp swmgr tbb varnish views xcache'
++++ return 0
+++ alrb_Quiet=NO
+++ for alrb_menuItem in ${alrb_dirAr[@]}
+++ alrb_QuietSaved=NO
+++ '[' -e /cvmfs/atlas.cern.ch/repo/ATLASLocalRootBase/swConfig/./xrootd/menu-Linux.sh ']'
+++ source /cvmfs/atlas.cern.ch/repo/ATLASLocalRootBase/swConfig/./xrootd//menu-Linux.sh
++++ '[' NO = NO ']'
++++ /cvmfs/atlas.cern.ch/repo/ATLASLocalRootBase/swConfig/printMenu.sh xrootd 1
[7m lsetup xrootd      [0m  XRootD data access
++++ alias 'localSetupXRootD=source ${ATLAS_LOCAL_ROOT_BASE}/utilities/oldAliasSetup.sh xrootd'
++++ alrb_AvailableTools=' acm adctools art asetup astyle atlantis boost centralpage clang cmake cppcheck cpuflags crane curl darshan davix dcube eiclient emi fftw gcc gccxml git gitlab gsl hdf5 lcgenv logstash pacman pacparser panda png prmon psutil pyami python rcsetup root rucio scikit sft stomp swmgr tbb varnish views xcache xrootd'
++++ return 0
+++ alrb_Quiet=NO
+++ for alrb_menuType in "${alrb_menuTypeAr[@]}"
+++ '[' Post = . ']'
+++ alrb_availableMask=
+++ alrb_dirArTmp='\find /cvmfs/atlas.cern.ch/repo/ATLASLocalRootBase/swConfig/Post -maxdepth 1 -mindepth 1 -type d | \sed -e '\''s/.*\///'\'' | env LC_ALL=C \sort  '
+++ alrb_dirAr=(`eval $alrb_dirArTmp`)
++++ eval '\find' /cvmfs/atlas.cern.ch/repo/ATLASLocalRootBase/swConfig/Post -maxdepth 1 -mindepth 1 -type d '|' '\sed' -e ''\''s/.*\///'\''' '|' env LC_ALL=C '\sort'
+++++ find /cvmfs/atlas.cern.ch/repo/ATLASLocalRootBase/swConfig/Post -maxdepth 1 -mindepth 1 -type d
+++++ sed -e 's/.*\///'
+++++ env LC_ALL=C sort
+++ for alrb_menuItem in ${alrb_dirAr[@]}
+++ alrb_QuietSaved=NO
+++ '[' -e /cvmfs/atlas.cern.ch/repo/ATLASLocalRootBase/swConfig/Post/advanced/menu-Linux.sh ']'
+++ source /cvmfs/atlas.cern.ch/repo/ATLASLocalRootBase/swConfig/Post/advanced//menu-Linux.sh
++++ '[' NO '!=' YES ']'
++++ /cvmfs/atlas.cern.ch/repo/ATLASLocalRootBase/swConfig/printMenu.sh advanced 1 Post
[7madvancedTools       [0m advanced tools menu
++++ alrb_AvailableToolsPost=' advanced'
++++ return 0
+++ alrb_Quiet=NO
+++ for alrb_menuItem in ${alrb_dirAr[@]}
+++ alrb_QuietSaved=NO
+++ '[' -e /cvmfs/atlas.cern.ch/repo/ATLASLocalRootBase/swConfig/Post/diagnostics/menu-Linux.sh ']'
+++ source /cvmfs/atlas.cern.ch/repo/ATLASLocalRootBase/swConfig/Post/diagnostics//menu-Linux.sh
++++ '[' NO '!=' YES ']'
++++ /cvmfs/atlas.cern.ch/repo/ATLASLocalRootBase/swConfig/printMenu.sh diagnostics 1 Post
[7mdiagnostics         [0m diagnostic tools menu
++++ alrb_AvailableToolsPost=' advanced diagnostics'
++++ return 0
+++ alrb_Quiet=NO
+++ for alrb_menuItem in ${alrb_dirAr[@]}
+++ alrb_QuietSaved=NO
+++ '[' -e /cvmfs/atlas.cern.ch/repo/ATLASLocalRootBase/swConfig/Post/helpme/menu-Linux.sh ']'
+++ '[' -e /cvmfs/atlas.cern.ch/repo/ATLASLocalRootBase/swConfig/Post/helpme/menu.sh ']'
+++ source /cvmfs/atlas.cern.ch/repo/ATLASLocalRootBase/swConfig/Post/helpme/menu.sh
++++ '[' NO = NO ']'
++++ /cvmfs/atlas.cern.ch/repo/ATLASLocalRootBase/swConfig/printMenu.sh helpme 1 Post
[7mhelpMe              [0m more help
++++ alrb_AvailableToolsPost=' advanced diagnostics helpme'
++++ return 0
+++ alrb_Quiet=NO
+++ for alrb_menuItem in ${alrb_dirAr[@]}
+++ alrb_QuietSaved=NO
+++ '[' -e /cvmfs/atlas.cern.ch/repo/ATLASLocalRootBase/swConfig/Post/installPip/menu-Linux.sh ']'
+++ '[' -e /cvmfs/atlas.cern.ch/repo/ATLASLocalRootBase/swConfig/Post/installPip/menu.sh ']'
+++ source /cvmfs/atlas.cern.ch/repo/ATLASLocalRootBase/swConfig/Post/installPip/menu.sh
++++ '[' NO = NO ']'
++++ /cvmfs/atlas.cern.ch/repo/ATLASLocalRootBase/swConfig/printMenu.sh installPip 1 Post
[7minstallPip          [0m install relocatable pip modules locally
++++ alrb_AvailableToolsPost=' advanced diagnostics helpme installPip'
++++ return 0
+++ alrb_Quiet=NO
+++ for alrb_menuItem in ${alrb_dirAr[@]}
+++ alrb_QuietSaved=NO
+++ '[' -e /cvmfs/atlas.cern.ch/repo/ATLASLocalRootBase/swConfig/Post/installRpm/menu-Linux.sh ']'
+++ '[' -e /cvmfs/atlas.cern.ch/repo/ATLASLocalRootBase/swConfig/Post/installRpm/menu.sh ']'
+++ source /cvmfs/atlas.cern.ch/repo/ATLASLocalRootBase/swConfig/Post/installRpm/menu.sh
++++ '[' NO = NO ']'
++++ /cvmfs/atlas.cern.ch/repo/ATLASLocalRootBase/swConfig/printMenu.sh installRpm 1 Post
[7minstallRpm          [0m install relocatable rpms locally
++++ alrb_AvailableToolsPost=' advanced diagnostics helpme installPip installRpm'
++++ return 0
+++ alrb_Quiet=NO
+++ for alrb_menuItem in ${alrb_dirAr[@]}
+++ alrb_QuietSaved=NO
+++ '[' -e /cvmfs/atlas.cern.ch/repo/ATLASLocalRootBase/swConfig/Post/printmenu/menu-Linux.sh ']'
+++ '[' -e /cvmfs/atlas.cern.ch/repo/ATLASLocalRootBase/swConfig/Post/printmenu/menu.sh ']'
+++ source /cvmfs/atlas.cern.ch/repo/ATLASLocalRootBase/swConfig/Post/printmenu/menu.sh
++++ '[' NO = NO ']'
++++ /cvmfs/atlas.cern.ch/repo/ATLASLocalRootBase/swConfig/printMenu.sh printmenu 1 Post
[7mprintMenu           [0m show this menu
++++ alrb_AvailableToolsPost=' advanced diagnostics helpme installPip installRpm printmenu'
++++ return 0
+++ alrb_Quiet=NO
+++ for alrb_menuItem in ${alrb_dirAr[@]}
+++ alrb_QuietSaved=NO
+++ '[' -e /cvmfs/atlas.cern.ch/repo/ATLASLocalRootBase/swConfig/Post/queryC/menu-Linux.sh ']'
+++ '[' -e /cvmfs/atlas.cern.ch/repo/ATLASLocalRootBase/swConfig/Post/queryC/menu.sh ']'
+++ source /cvmfs/atlas.cern.ch/repo/ATLASLocalRootBase/swConfig/Post/queryC/menu.sh
++++ '[' NO = NO ']'
++++ /cvmfs/atlas.cern.ch/repo/ATLASLocalRootBase/swConfig/printMenu.sh queryC 1 Post
[7mqueryC              [0m find / whatis container query
++++ alrb_AvailableToolsPost=' advanced diagnostics helpme installPip installRpm printmenu queryC'
++++ return 0
+++ alrb_Quiet=NO
+++ for alrb_menuItem in ${alrb_dirAr[@]}
+++ alrb_QuietSaved=NO
+++ '[' -e /cvmfs/atlas.cern.ch/repo/ATLASLocalRootBase/swConfig/Post/showversions/menu-Linux.sh ']'
+++ '[' -e /cvmfs/atlas.cern.ch/repo/ATLASLocalRootBase/swConfig/Post/showversions/menu.sh ']'
+++ source /cvmfs/atlas.cern.ch/repo/ATLASLocalRootBase/swConfig/Post/showversions/menu.sh
++++ '[' NO = NO ']'
++++ /cvmfs/atlas.cern.ch/repo/ATLASLocalRootBase/swConfig/printMenu.sh showversions 1 Post
[7mshowVersions        [0m show versions of installed software
++++ alrb_AvailableToolsPost=' advanced diagnostics helpme installPip installRpm printmenu queryC showversions'
++++ return 0
+++ alrb_Quiet=NO
+++ export 'ALRB_availableTools= acm adctools art asetup astyle atlantis boost centralpage clang cmake cppcheck cpuflags crane curl darshan davix dcube eiclient emi fftw gcc gccxml git gitlab gsl hdf5 lcgenv logstash pacman pacparser panda png prmon psutil pyami python rcsetup root rucio scikit sft stomp swmgr tbb varnish views xcache xrootd'
+++ ALRB_availableTools=' acm adctools art asetup astyle atlantis boost centralpage clang cmake cppcheck cpuflags crane curl darshan davix dcube eiclient emi fftw gcc gccxml git gitlab gsl hdf5 lcgenv logstash pacman pacparser panda png prmon psutil pyami python rcsetup root rucio scikit sft stomp swmgr tbb varnish views xcache xrootd'
+++ export 'ALRB_availableToolsPre= lsetup'
+++ ALRB_availableToolsPre=' lsetup'
+++ export 'ALRB_availableToolsPost= advanced diagnostics helpme installPip installRpm printmenu queryC showversions'
+++ ALRB_availableToolsPost=' advanced diagnostics helpme installPip installRpm printmenu queryC showversions'
+++ alias 'atlasLocalRootBaseSetup=source ${ATLAS_LOCAL_ROOT_BASE}/user/atlasLocalSetup-v2.sh'
++++ /cvmfs/atlas.cern.ch/repo/ATLASLocalRootBase/utilities/checkGridUse.sh
+++ alrb_result='1 emi'
++++ echo 1 emi
++++ cut -f 1 -d ' '
+++ alrb_nGridSW=1
++++ echo 1 emi
++++ cut -f 2- -d ' '
+++ alrb_availableSW=emi
+++ '[' -z ']'
+++ '[' 1 -eq 0 ']'
++++ echo 1 emi
++++ cut -f 2 -d ' '
+++ export ALRB_useGridSW=emi
+++ ALRB_useGridSW=emi
+++ [[ 1 -gt 1 ]]
+++ '[' -e /cvmfs/atlas.cern.ch/repo/ATLASLocalRootBase/etc/motd ']'
+++ eval /cvmfs/atlas.cern.ch/repo/ATLASLocalRootBase/etc/motd
++++ /cvmfs/atlas.cern.ch/repo/ATLASLocalRootBase/etc/motd
+++ '[' NO = NO ']'
+++ echo -e ''

++++ /cvmfs/atlas.cern.ch/repo/ATLASLocalRootBase/utilities/wrapper_readlink.sh /cvmfs/atlas.cern.ch/repo/ATLASLocalRootBase
++++ grep -e '^/cvmfs/atlas.cern.ch/repo/ATLASLocalRootBase'
+++ alrb_result=/cvmfs/atlas.cern.ch/repo/ATLASLocalRootBase
+++ '[' 0 -eq 0 ']'
+++ '[' '!' -d /cvmfs/atlas.cern.ch/repo/ATLASLocalRootBase ']'
+++ '[' x86_64 = i686 ']'
+++ '[' -z '' ']'
+++ [[ 9 -eq 9 ]]
+++ alrb_dummy=
+++ '[' -z ']'
+++ '[' /cvmfs/atlas-condb.cern.ch/repo/conditions '!=' '' ']'
+++ export ATLAS_POOLCOND_PATH=/cvmfs/atlas-condb.cern.ch/repo/conditions
+++ ATLAS_POOLCOND_PATH=/cvmfs/atlas-condb.cern.ch/repo/conditions
+++ '[' NO = YES ']'
+++ '[' -e /cvmfs/atlas.cern.ch/repo/ATLASLocalRootBase/config/localFrontierSquid.sh ']'
+++ '[' -z '(serverurl=http://atlasfrontier-local.cern.ch:8000/atlr)(serverurl=http://atlasfrontier-ai.cern.ch:8000/atlr)(proxyurl=http://v4a-local.cern.ch:80)(proxyurl=http://v4f.hl-lhc.net:6082)(proxyurl=http://ca-proxy-atlas.cern.ch:3128)(proxyurl=http://ca-proxy-meyrin.cern.ch:3128)(proxyurl=http://ca-proxy.cern.ch:3128)' ']'
+++ '[' '!' -z '(serverurl=http://atlasfrontier-local.cern.ch:8000/atlr)(serverurl=http://atlasfrontier-ai.cern.ch:8000/atlr)(proxyurl=http://v4a-local.cern.ch:80)(proxyurl=http://v4f.hl-lhc.net:6082)(proxyurl=http://ca-proxy-atlas.cern.ch:3128)(proxyurl=http://ca-proxy-meyrin.cern.ch:3128)(proxyurl=http://ca-proxy.cern.ch:3128)' ']'
+++ source /cvmfs/atlas.cern.ch/repo/ATLASLocalRootBase/utilities/cleanupFrontier.sh
++++ [[ ! -z '' ]]
++++ echo '(serverurl=http://atlasfrontier-local.cern.ch:8000/atlr)(serverurl=http://atlasfrontier-ai.cern.ch:8000/atlr)(proxyurl=http://v4a-local.cern.ch:80)(proxyurl=http://v4f.hl-lhc.net:6082)(proxyurl=http://ca-proxy-atlas.cern.ch:3128)(proxyurl=http://ca-proxy-meyrin.cern.ch:3128)(proxyurl=http://ca-proxy.cern.ch:3128)'
++++ grep -e '(serverurl=http://frontier-atlas[[:alnum:]]*.lcg.triumf.ca:3128/ATLAS_frontier)' -e '(serverurl=http://ccfrontier[[:alnum:]\.]*.in2p3.fr:23128/ccin2p3-AtlasFrontier)'
++++ '[' 1 -eq 0 ']'
++++ return 0
++++ /cvmfs/atlas.cern.ch/repo/ATLASLocalRootBase/utilities/addBackupFrontier.sh
+++ alrb_result='(serverurl=http://atlasfrontier-local.cern.ch:8000/atlr)(serverurl=http://atlasfrontier-ai.cern.ch:8000/atlr)(proxyurl=http://v4a-local.cern.ch:80)(proxyurl=http://v4f.hl-lhc.net:6082)(proxyurl=http://ca-proxy-atlas.cern.ch:3128)(proxyurl=http://ca-proxy-meyrin.cern.ch:3128)(proxyurl=http://ca-proxy.cern.ch:3128)'
+++ '[' 0 -eq 0 ']'
+++ export 'FRONTIER_SERVER=(serverurl=http://atlasfrontier-local.cern.ch:8000/atlr)(serverurl=http://atlasfrontier-ai.cern.ch:8000/atlr)(proxyurl=http://v4a-local.cern.ch:80)(proxyurl=http://v4f.hl-lhc.net:6082)(proxyurl=http://ca-proxy-atlas.cern.ch:3128)(proxyurl=http://ca-proxy-meyrin.cern.ch:3128)(proxyurl=http://ca-proxy.cern.ch:3128)'
+++ FRONTIER_SERVER='(serverurl=http://atlasfrontier-local.cern.ch:8000/atlr)(serverurl=http://atlasfrontier-ai.cern.ch:8000/atlr)(proxyurl=http://v4a-local.cern.ch:80)(proxyurl=http://v4f.hl-lhc.net:6082)(proxyurl=http://ca-proxy-atlas.cern.ch:3128)(proxyurl=http://ca-proxy-meyrin.cern.ch:3128)(proxyurl=http://ca-proxy.cern.ch:3128)'
++++ /cvmfs/atlas.cern.ch/repo/ATLASLocalRootBase/utilities/addDevFrontier.sh
+++ alrb_result=
+++ '[' 64 -eq 0 ']'
+++ ALRB_USER_PLATFORM=el9
+++ '[' '!' -z '' ']'
++++ uname -m
+++ ALRB_USER_PLATFORM=el9#x86_64
+++ export ALRB_USER_PLATFORM
+++ [[ ! -z '' ]]
+++ [[ -e /cvmfs/atlas.cern.ch/repo/ATLASLocalRootBase/config/localPostUserSetup.sh ]]
+++ [[ -z '' ]]
+++ eval /cvmfs/atlas.cern.ch/repo/ATLASLocalRootBase/utilities/checkValidity.sh
++++ /cvmfs/atlas.cern.ch/repo/ATLASLocalRootBase/utilities/checkValidity.sh
+++ alrb_returnVal=0
+++ '[' -z /afs/cern.ch/user/t/tofitsch/.nvm/versions/node/v20.17.0/share/man:/usr/share/man::/opt/puppetlabs/puppet/share/man ']'
+++ '[' bash = bash ']'
+++ complete -W ' acm adctools art asetup astyle atlantis boost centralpage clang cmake cppcheck cpuflags crane curl darshan davix dcube eiclient emi fftw gcc gccxml git gitlab gsl hdf5 lcgenv logstash pacman pacparser panda png prmon psutil pyami python rcsetup root rucio scikit sft stomp swmgr tbb varnish views xcache xrootd' lsetup
+++ export ALRB_printHelpMain=
+++ ALRB_printHelpMain=
+++ unset alrb_shortopts alrb_longopts alrb_result alrb_returnVal alrb_Quiet alrb_QuietSaved alrb_dirAr alrb_menuItem alrb_nGridSW alrb_availableSW alrb_menuTypeAr alrb_menuType alrb_item alrb_appList ALRB_initialSetup alrb_dirArTmpA alrb_toSetupContainer alrb_setPy alrb_availableMask alrb_dummy
++ lsetup 'views LCG_102a x86_64-centos9-gcc11-opt'
++ source /cvmfs/atlas.cern.ch/repo/ATLASLocalRootBase/packageSetups/localSetup.sh 'views LCG_102a x86_64-centos9-gcc11-opt'
+++ source /cvmfs/atlas.cern.ch/repo/ATLASLocalRootBase/utilities/checkAtlasLocalRoot.sh
++++ '[' -z /cvmfs/atlas.cern.ch/repo/ATLASLocalRootBase ']'
++++ '[' -z /afs/cern.ch/user/t/tofitsch/.alrb ']'
++++ '[' -z /tmp/tofitsch/tofitsch/.alrb ']'
+++++ echo /cvmfs/atlas.cern.ch/repo/ATLASLocalRootBase
+++++ sed 's/\/$//'
++++ alrb_tmpVal=/cvmfs/atlas.cern.ch/repo/ATLASLocalRootBase
++++ '[' /cvmfs/atlas.cern.ch/repo/ATLASLocalRootBase '!=' /cvmfs/atlas.cern.ch/repo/ATLASLocalRootBase ']'
+++++ /cvmfs/atlas.cern.ch/repo/ATLASLocalRootBase/utilities/getOSType.sh
++++ alrb_osInfo='Linux 9 8 el'
+++++ echo Linux 9 8 el
+++++ cut -f 1 -d ' '
++++ alrb_osType=Linux
++++ '[' -z ']'
++++ export ALRB_OSTYPE=Linux
++++ ALRB_OSTYPE=Linux
+++++ echo Linux 9 8 el
+++++ cut -f 2 -d ' '
++++ alrb_osMajorVer=9
++++ '[' -z ']'
++++ export ALRB_OSMAJORVER=9
++++ ALRB_OSMAJORVER=9
+++++ echo Linux 9 8 el
+++++ cut -f 4 -d ' '
++++ alrb_osFlavor=el
++++ '[' -z ']'
++++ export ALRB_OSFLAVOR=el
++++ ALRB_OSFLAVOR=el
++++ unset alrb_osInfo alrb_osType alrb_osMajorVer alrb_osFlavor
++++ '[' -z ']'
+++++ /cvmfs/atlas.cern.ch/repo/ATLASLocalRootBase/utilities/getArchType.sh
++++ ATLAS_LOCAL_ROOT_ARCH=x86_64
++++ ATLAS_LOCAL_ROOT=/cvmfs/atlas.cern.ch/repo/ATLASLocalRootBase/x86_64
++++ '[' '!' -e /cvmfs/atlas.cern.ch/repo/ATLASLocalRootBase/x86_64 ']'
++++ export ATLAS_LOCAL_ROOT
++++ export ATLAS_LOCAL_ROOT_ARCH
++++ '[' -z /cvmfs/atlas.cern.ch/repo ']'
++++ '[' -z /cvmfs/atlas-condb.cern.ch/repo ']'
++++ '[' -z /cvmfs/atlas-nightlies.cern.ch/repo ']'
++++ '[' -z /cvmfs/sft.cern.ch/lcg ']'
++++ '[' -z /cvmfs/sft-nightlies.cern.ch/lcg ']'
++++ '[' -z /cvmfs/unpacked.cern.ch ']'
++++ '[' -d /cvmfs/atlas.cern.ch/repo/sw ']'
++++ export ALRB_cvmfs_ALRB=/cvmfs/atlas.cern.ch/repo/ATLASLocalRootBase
++++ ALRB_cvmfs_ALRB=/cvmfs/atlas.cern.ch/repo/ATLASLocalRootBase
++++ export ALRB_cvmfs_Athena=/cvmfs/atlas.cern.ch/repo/sw/software
++++ ALRB_cvmfs_Athena=/cvmfs/atlas.cern.ch/repo/sw/software
++++ '[' -d /cvmfs/atlas-condb.cern.ch/repo/conditions ']'
++++ export ALRB_cvmfs_CDB=/cvmfs/atlas-condb.cern.ch/repo/conditions
++++ ALRB_cvmfs_CDB=/cvmfs/atlas-condb.cern.ch/repo/conditions
++++ ATLAS_LOCAL_ROOT_PACOPT=
++++ '[' -e /etc/issue ']'
+++++ grep 'CERN Virtual Machine' /etc/issue
++++ alrb_result=
++++ '[' 1 -eq 0 ']'
++++ '[' '!' -z ']'
++++ export ATLAS_LOCAL_ROOT_PACOPT
+++++ ps -o command= 779831
+++++ sed -e 's|^.*qemu-x86_64 ||g'
+++++ cut -f 1 -d ' '
++++ alrb_tmpVal=bash
+++++ echo bash
+++++ sed s/-//g
++++ export ALRB_SHELL=bash
++++ ALRB_SHELL=bash
++++ echo bash
++++ grep bash
++++ '[' 0 -eq 0 ']'
++++ export ALRB_SHELL=bash
++++ ALRB_SHELL=bash
++++ '[' Linux = Linux ']'
++++ export ALRB_RHVER=9
++++ ALRB_RHVER=9
++++ '[' -d /cvmfs/sft.cern.ch/lcg ']'
++++ export ALRB_SFT_LCG=/cvmfs/sft.cern.ch/lcg
++++ ALRB_SFT_LCG=/cvmfs/sft.cern.ch/lcg
++++ export ALRB_SFT_LCGEXT_MAP=/cvmfs/sft.cern.ch/lcg/mapfile.txt
++++ ALRB_SFT_LCGEXT_MAP=/cvmfs/sft.cern.ch/lcg/mapfile.txt
++++ '[' -d /cvmfs/sft-nightlies.cern.ch/lcg ']'
++++ export ALRB_SFTNIGHT_LCG=/cvmfs/sft-nightlies.cern.ch/lcg
++++ ALRB_SFTNIGHT_LCG=/cvmfs/sft-nightlies.cern.ch/lcg
+++++ uname -a
++++ export 'ALRB_infoUname=Linux lxplus925.cern.ch 5.14.0-611.55.1.el9_7.x86_64 #1 SMP PREEMPT_DYNAMIC Sat May 9 13:31:46 EDT 2026 x86_64 x86_64 x86_64 GNU/Linux'
++++ ALRB_infoUname='Linux lxplus925.cern.ch 5.14.0-611.55.1.el9_7.x86_64 #1 SMP PREEMPT_DYNAMIC Sat May 9 13:31:46 EDT 2026 x86_64 x86_64 x86_64 GNU/Linux'
++++ '[' Linux = Linux ']'
+++++ cat /proc/cpuinfo
+++++ grep -e 'model name'
+++++ sort -u
++++ export 'ALRB_infoProc=model name	: AMD EPYC-Milan Processor'
++++ ALRB_infoProc='model name	: AMD EPYC-Milan Processor'
++++ unset alrb_result alrb_tmpVal
+++ '[' -z 'rcsetup:00-04-18  acm:0.1.34 asetup:V03-01-31  ' ']'
+++ alrb_lsWorkdir=/tmp/tofitsch/tofitsch/.alrb/localSetup
+++ mkdir -p /tmp/tofitsch/tofitsch/.alrb/localSetup
+++ alrb_rc=0
+++ '[' 0 -ne 0 ']'
+++ '[' '!' -z ']'
+++ unset alrb_lsHistory
++++ mktemp -d /tmp/tofitsch/tofitsch/.alrb/localSetup/ls.XXXXXX
+++ alrb_lsWorkarea=/tmp/tofitsch/tofitsch/.alrb/localSetup/ls.t914QY
+++ touch /tmp/tofitsch/tofitsch/.alrb/localSetup/ls.t914QY/client.sh
++++ seq 1 2
+++ for alrb_pass in `seq 1 2`
+++ let alrb_lastPass=2
+++ export ALRB_clientShell=bash
+++ ALRB_clientShell=bash
++++ /cvmfs/atlas.cern.ch/repo/ATLASLocalRootBase/utilities/isGridSetup.sh
+++ alrb_gridType=none
+++ export ALRB_gridType=none
+++ ALRB_gridType=none
+++ '[' -z /tmp/tofitsch/tofitsch/.alrb/localSetup/ls.t914QY ']'
+++ '[' -e /tmp/tofitsch/tofitsch/.alrb/localSetup/ls.t914QY/finishedPass ']'
+++ '[' 1 -eq 2 ']'
+++ '[' '!' -z '' ']'
++++ which java
+++ alrb_whichJava='++++ alias
++++ eval declare -f
+++++ declare -f
++++ /usr/bin/which --tty-only --read-alias --read-functions --show-tilde --show-dot java
/usr/bin/java'
+++ alrb_rc=0
+++ '[' 0 -ne 0 ']'
+++ echo 'alrb_whichJava="++++ alias
++++ eval declare -f
+++++ declare -f
++++ /usr/bin/which --tty-only --read-alias --read-functions --show-tilde --show-dot java
/usr/bin/java"'
++++ source /cvmfs/atlas.cern.ch/repo/ATLASLocalRootBase/utilities/getCurrentEnv.sh
+++++ alrb_currentEnv=
+++++ for alrb_pyName in python python2 python3
++++++ type python
+++++ alrb_type='python is /afs/cern.ch/user/t/tofitsch/bin/python'
+++++ '[' 0 -eq 0 ']'
+++++ echo python is /afs/cern.ch/user/t/tofitsch/bin/python
+++++ grep -e alias
+++++ '[' 1 -eq 0 ']'
++++++ python -V
++++++ awk '{print $2}'
+++++ alrb_version=3.9.25
++++++ uname -m
+++++ alrb_exeArch=x86_64
+++++ alrb_currentEnv=';python:ver=3.9.25:arch=x86_64:'
+++++ for alrb_pyName in python python2 python3
++++++ type python2
+++++ alrb_type='/cvmfs/atlas.cern.ch/repo/ATLASLocalRootBase/utilities/getCurrentEnv.sh: line 20: type: python2: not found'
+++++ '[' 1 -eq 0 ']'
+++++ for alrb_pyName in python python2 python3
++++++ type python3
+++++ alrb_type='python3 is /usr/bin/python3'
+++++ '[' 0 -eq 0 ']'
+++++ echo python3 is /usr/bin/python3
+++++ grep -e alias
+++++ '[' 1 -eq 0 ']'
++++++ python3 -V
++++++ awk '{print $2}'
+++++ alrb_version=3.9.25
++++++ uname -m
+++++ alrb_exeArch=x86_64
+++++ alrb_currentEnv=';python:ver=3.9.25:arch=x86_64:;python3:ver=3.9.25:arch=x86_64:'
+++++ '[' Linux = MacOSX ']'
++++++ gcc -dumpversion
+++++ alrb_version=11
+++++ '[' 0 -eq 0 ']'
+++++ alrb_currentEnv=';python:ver=3.9.25:arch=x86_64:;python3:ver=3.9.25:arch=x86_64:;gcc:ver=11:'
+++++ echo ';python:ver=3.9.25:arch=x86_64:;python3:ver=3.9.25:arch=x86_64:;gcc:ver=11:;'
+++++ unset alrb_version alrb_type alrb_exeArch alrb_currentEnv alrb_pyName
+++++ return 0
+++ alrb_preSetupEnv=';python:ver=3.9.25:arch=x86_64:;python3:ver=3.9.25:arch=x86_64:;gcc:ver=11:;'
+++ '[' 0 -ne 0 ']'
+++ echo 'alrb_preSetupEnv=";python:ver=3.9.25:arch=x86_64:;python3:ver=3.9.25:arch=x86_64:;gcc:ver=11:;"'
+++ rm -f /tmp/tofitsch/tofitsch/.alrb/localSetup/ls.t914QY/setupScript.sh
+++ /cvmfs/atlas.cern.ch/repo/ATLASLocalRootBase/utilities/validator.sh 'views LCG_102a x86_64-centos9-gcc11-opt' -w /tmp/tofitsch/tofitsch/.alrb/localSetup/ls.t914QY -p Pass1
+++ alrb_rc=0
+++ '[' 0 -ne 0 ']'
+++ '[' -e /tmp/tofitsch/tofitsch/.alrb/localSetup/ls.t914QY/preSetupScript.sh ']'
+++ source /tmp/tofitsch/tofitsch/.alrb/localSetup/ls.t914QY/preSetupScript.sh
++++ alrb_Quiet=NO
++++ alrb_Force=NO
++++ alrb_SkipConfirm=NO
++++ echo '************************************************************************'
************************************************************************
++++ echo 'Requested:  views ... '
Requested:  views ... 
+++ '[' 0 -ne 0 ']'
+++ rm -f /tmp/tofitsch/tofitsch/.alrb/localSetup/ls.t914QY/preSetupScript.sh
+++ '[' -e /tmp/tofitsch/tofitsch/.alrb/localSetup/ls.t914QY/setupScript.sh ']'
+++ source /tmp/tofitsch/tofitsch/.alrb/localSetup/ls.t914QY/setupScript.sh
++++ alrb_Quiet=NO
++++ alrb_Force=NO
++++ alrb_SkipConfirm=NO
++++ printf ' Setting up \e[4mviews LCG_102a:x86_64-centos9-gcc11-opt\e[0m ... \n'
 Setting up [4mviews LCG_102a:x86_64-centos9-gcc11-opt[0m ... 
++++ source /cvmfs/atlas.cern.ch/repo/ATLASLocalRootBase/swConfig/views/setup-Linux.sh LCG_102a:x86_64-centos9-gcc11-opt ''
++++++ echo LCG_102a:x86_64-centos9-gcc11-opt
++++++ sed -e 's/:/ /g'
+++++ alrb_tmpVal='LCG_102a x86_64-centos9-gcc11-opt'
+++++ eval source /cvmfs/sft.cern.ch/lcg/views/setupViews.sh LCG_102a x86_64-centos9-gcc11-opt
++++++ source /cvmfs/sft.cern.ch/lcg/views/setupViews.sh LCG_102a x86_64-centos9-gcc11-opt
+++++++ '[' -z /cvmfs/sft.cern.ch/lcg/views ']'
+++++++ view_cvmfsPath=/cvmfs/sft.cern.ch/lcg/views
+++++++ '[' -z ']'
+++++++ /cvmfs/sft.cern.ch/lcg/views/checkSetupViews.sh LCG_102a x86_64-centos9-gcc11-opt
+++++++ view_rc=0
+++++++ '[' 0 -eq 1 ']'
+++++++ '[' 0 -ne 0 ']'
+++++++ source /cvmfs/sft.cern.ch/lcg/views/LCG_102a/x86_64-centos9-gcc11-opt/setup.sh
++++++++ SOURCE=/cvmfs/sft.cern.ch/lcg/views/LCG_102a/x86_64-centos9-gcc11-opt/setup.sh
++++++++ '[' x/cvmfs/sft.cern.ch/lcg/views/LCG_102a/x86_64-centos9-gcc11-opt/setup.sh = x ']'
++++++++++ dirname /cvmfs/sft.cern.ch/lcg/views/LCG_102a/x86_64-centos9-gcc11-opt/setup.sh
+++++++++ cd /cvmfs/sft.cern.ch/lcg/views/LCG_102a/x86_64-centos9-gcc11-opt
+++++++++ pwd
++++++++ thisdir=/cvmfs/sft.cern.ch/lcg/views/LCG_102a/x86_64-centos9-gcc11-opt
++++++++ '[' LINUX = OSX ']'
+++++++++ readlink -f /cvmfs/sft.cern.ch/lcg/views/LCG_102a/x86_64-centos9-gcc11-opt
++++++++ thisdir=/cvmfs/sft.cern.ch/lcg/views/LCG_102a/x86_64-centos9-gcc11-opt
++++++++ '[' '' '!=' native ']'
++++++++ '[' -e /cvmfs/sft.cern.ch/lcg/releases/gcc/11.3.1/x86_64-centos9/setup.sh ']'
++++++++ source /cvmfs/sft.cern.ch/lcg/releases/gcc/11.3.1/x86_64-centos9/setup.sh
+++++++++ source /cvmfs/sft.cern.ch/lcg/releases/binutils/2.37-355ed/x86_64-centos9/setup.sh
++++++++++ BASE=/cvmfs/sft.cern.ch/lcg/releases/binutils/2.37-355ed/x86_64-centos9
++++++++++ export PATH=/cvmfs/sft.cern.ch/lcg/releases/binutils/2.37-355ed/x86_64-centos9/bin:/afs/cern.ch/user/t/tofitsch/.nvm/versions/node/v20.17.0/bin:/afs/cern.ch/atlas/scripts:/usr/sue/bin:/usr/share/Modules/bin:/usr/condabin:/usr/lib64/ccache:/usr/local/bin:/usr/bin:/usr/local/sbin:/usr/sbin:/opt/puppetlabs/bin:/afs/cern.ch/user/t/tofitsch/.local/bin:/afs/cern.ch/user/t/tofitsch/bin
++++++++++ PATH=/cvmfs/sft.cern.ch/lcg/releases/binutils/2.37-355ed/x86_64-centos9/bin:/afs/cern.ch/user/t/tofitsch/.nvm/versions/node/v20.17.0/bin:/afs/cern.ch/atlas/scripts:/usr/sue/bin:/usr/share/Modules/bin:/usr/condabin:/usr/lib64/ccache:/usr/local/bin:/usr/bin:/usr/local/sbin:/usr/sbin:/opt/puppetlabs/bin:/afs/cern.ch/user/t/tofitsch/.local/bin:/afs/cern.ch/user/t/tofitsch/bin
++++++++++ export MANPATH=/cvmfs/sft.cern.ch/lcg/releases/binutils/2.37-355ed/x86_64-centos9/share/man:/afs/cern.ch/user/t/tofitsch/.nvm/versions/node/v20.17.0/share/man:/usr/share/man::/opt/puppetlabs/puppet/share/man
++++++++++ MANPATH=/cvmfs/sft.cern.ch/lcg/releases/binutils/2.37-355ed/x86_64-centos9/share/man:/afs/cern.ch/user/t/tofitsch/.nvm/versions/node/v20.17.0/share/man:/usr/share/man::/opt/puppetlabs/puppet/share/man
++++++++++ '[' -e /cvmfs/sft.cern.ch/lcg/releases/binutils/2.37-355ed/x86_64-centos9/lib64 ']'
++++++++++ '[' -e /cvmfs/sft.cern.ch/lcg/releases/binutils/2.37-355ed/x86_64-centos9/lib ']'
++++++++++ export LD_LIBRARY_PATH=/cvmfs/sft.cern.ch/lcg/releases/binutils/2.37-355ed/x86_64-centos9/lib
++++++++++ LD_LIBRARY_PATH=/cvmfs/sft.cern.ch/lcg/releases/binutils/2.37-355ed/x86_64-centos9/lib
+++++++++ BASE=/cvmfs/sft.cern.ch/lcg/releases/gcc/11.3.0-ad0f5/x86_64-centos9
+++++++++ export PATH=/cvmfs/sft.cern.ch/lcg/releases/gcc/11.3.0-ad0f5/x86_64-centos9/bin:/cvmfs/sft.cern.ch/lcg/releases/binutils/2.37-355ed/x86_64-centos9/bin:/afs/cern.ch/user/t/tofitsch/.nvm/versions/node/v20.17.0/bin:/afs/cern.ch/atlas/scripts:/usr/sue/bin:/usr/share/Modules/bin:/usr/condabin:/usr/lib64/ccache:/usr/local/bin:/usr/bin:/usr/local/sbin:/usr/sbin:/opt/puppetlabs/bin:/afs/cern.ch/user/t/tofitsch/.local/bin:/afs/cern.ch/user/t/tofitsch/bin
+++++++++ PATH=/cvmfs/sft.cern.ch/lcg/releases/gcc/11.3.0-ad0f5/x86_64-centos9/bin:/cvmfs/sft.cern.ch/lcg/releases/binutils/2.37-355ed/x86_64-centos9/bin:/afs/cern.ch/user/t/tofitsch/.nvm/versions/node/v20.17.0/bin:/afs/cern.ch/atlas/scripts:/usr/sue/bin:/usr/share/Modules/bin:/usr/condabin:/usr/lib64/ccache:/usr/local/bin:/usr/bin:/usr/local/sbin:/usr/sbin:/opt/puppetlabs/bin:/afs/cern.ch/user/t/tofitsch/.local/bin:/afs/cern.ch/user/t/tofitsch/bin
+++++++++ export MANPATH=/cvmfs/sft.cern.ch/lcg/releases/gcc/11.3.0-ad0f5/x86_64-centos9/share/man:/cvmfs/sft.cern.ch/lcg/releases/binutils/2.37-355ed/x86_64-centos9/share/man:/afs/cern.ch/user/t/tofitsch/.nvm/versions/node/v20.17.0/share/man:/usr/share/man::/opt/puppetlabs/puppet/share/man
+++++++++ MANPATH=/cvmfs/sft.cern.ch/lcg/releases/gcc/11.3.0-ad0f5/x86_64-centos9/share/man:/cvmfs/sft.cern.ch/lcg/releases/binutils/2.37-355ed/x86_64-centos9/share/man:/afs/cern.ch/user/t/tofitsch/.nvm/versions/node/v20.17.0/share/man:/usr/share/man::/opt/puppetlabs/puppet/share/man
+++++++++ '[' -e /cvmfs/sft.cern.ch/lcg/releases/gcc/11.3.0-ad0f5/x86_64-centos9/lib64 ']'
+++++++++ export LD_LIBRARY_PATH=/cvmfs/sft.cern.ch/lcg/releases/gcc/11.3.0-ad0f5/x86_64-centos9/lib64:/cvmfs/sft.cern.ch/lcg/releases/binutils/2.37-355ed/x86_64-centos9/lib
+++++++++ LD_LIBRARY_PATH=/cvmfs/sft.cern.ch/lcg/releases/gcc/11.3.0-ad0f5/x86_64-centos9/lib64:/cvmfs/sft.cern.ch/lcg/releases/binutils/2.37-355ed/x86_64-centos9/lib
+++++++++ '[' -e /cvmfs/sft.cern.ch/lcg/releases/gcc/11.3.0-ad0f5/x86_64-centos9/lib ']'
+++++++++ export LD_LIBRARY_PATH=/cvmfs/sft.cern.ch/lcg/releases/gcc/11.3.0-ad0f5/x86_64-centos9/lib:/cvmfs/sft.cern.ch/lcg/releases/gcc/11.3.0-ad0f5/x86_64-centos9/lib64:/cvmfs/sft.cern.ch/lcg/releases/binutils/2.37-355ed/x86_64-centos9/lib
+++++++++ LD_LIBRARY_PATH=/cvmfs/sft.cern.ch/lcg/releases/gcc/11.3.0-ad0f5/x86_64-centos9/lib:/cvmfs/sft.cern.ch/lcg/releases/gcc/11.3.0-ad0f5/x86_64-centos9/lib64:/cvmfs/sft.cern.ch/lcg/releases/binutils/2.37-355ed/x86_64-centos9/lib
+++++++++ gcc_home=/cvmfs/sft.cern.ch/lcg/releases/gcc/11.3.0-ad0f5/x86_64-centos9
++++++++++ which gfortran
++++++++++ alias
++++++++++ eval declare -f
+++++++++++ declare -f
++++++++++ /usr/bin/which --tty-only --read-alias --read-functions --show-tilde --show-dot gfortran
+++++++++ export FC=/cvmfs/sft.cern.ch/lcg/releases/gcc/11.3.0-ad0f5/x86_64-centos9/bin/gfortran
+++++++++ FC=/cvmfs/sft.cern.ch/lcg/releases/gcc/11.3.0-ad0f5/x86_64-centos9/bin/gfortran
++++++++++ which gcc
++++++++++ alias
++++++++++ eval declare -f
+++++++++++ declare -f
++++++++++ /usr/bin/which --tty-only --read-alias --read-functions --show-tilde --show-dot gcc
+++++++++ export CC=/cvmfs/sft.cern.ch/lcg/releases/gcc/11.3.0-ad0f5/x86_64-centos9/bin/gcc
+++++++++ CC=/cvmfs/sft.cern.ch/lcg/releases/gcc/11.3.0-ad0f5/x86_64-centos9/bin/gcc
++++++++++ which g++
++++++++++ alias
++++++++++ /usr/bin/which --tty-only --read-alias --read-functions --show-tilde --show-dot g++
++++++++++ eval declare -f
+++++++++++ declare -f
+++++++++ export CXX=/cvmfs/sft.cern.ch/lcg/releases/gcc/11.3.0-ad0f5/x86_64-centos9/bin/g++
+++++++++ CXX=/cvmfs/sft.cern.ch/lcg/releases/gcc/11.3.0-ad0f5/x86_64-centos9/bin/g++
+++++++++ export COMPILER_PATH=/cvmfs/sft.cern.ch/lcg/releases/gcc/11.3.0-ad0f5/x86_64-centos9
+++++++++ COMPILER_PATH=/cvmfs/sft.cern.ch/lcg/releases/gcc/11.3.0-ad0f5/x86_64-centos9
++++++++ LCG_VERSION=102a
++++++++ export LCG_VERSION
++++++++ '[' -z /cvmfs/sft.cern.ch/lcg/releases/gcc/11.3.0-ad0f5/x86_64-centos9/bin:/cvmfs/sft.cern.ch/lcg/releases/binutils/2.37-355ed/x86_64-centos9/bin:/afs/cern.ch/user/t/tofitsch/.nvm/versions/node/v20.17.0/bin:/afs/cern.ch/atlas/scripts:/usr/sue/bin:/usr/share/Modules/bin:/usr/condabin:/usr/lib64/ccache:/usr/local/bin:/usr/bin:/usr/local/sbin:/usr/sbin:/opt/puppetlabs/bin:/afs/cern.ch/user/t/tofitsch/.local/bin:/afs/cern.ch/user/t/tofitsch/bin ']'
++++++++ PATH=/cvmfs/sft.cern.ch/lcg/views/LCG_102a/x86_64-centos9-gcc11-opt/bin:/cvmfs/sft.cern.ch/lcg/releases/gcc/11.3.0-ad0f5/x86_64-centos9/bin:/cvmfs/sft.cern.ch/lcg/releases/binutils/2.37-355ed/x86_64-centos9/bin:/afs/cern.ch/user/t/tofitsch/.nvm/versions/node/v20.17.0/bin:/afs/cern.ch/atlas/scripts:/usr/sue/bin:/usr/share/Modules/bin:/usr/condabin:/usr/lib64/ccache:/usr/local/bin:/usr/bin:/usr/local/sbin:/usr/sbin:/opt/puppetlabs/bin:/afs/cern.ch/user/t/tofitsch/.local/bin:/afs/cern.ch/user/t/tofitsch/bin
++++++++ export PATH
++++++++ '[' -d /cvmfs/sft.cern.ch/lcg/views/LCG_102a/x86_64-centos9-gcc11-opt/scripts ']'
++++++++ PATH=/cvmfs/sft.cern.ch/lcg/views/LCG_102a/x86_64-centos9-gcc11-opt/scripts:/cvmfs/sft.cern.ch/lcg/views/LCG_102a/x86_64-centos9-gcc11-opt/bin:/cvmfs/sft.cern.ch/lcg/releases/gcc/11.3.0-ad0f5/x86_64-centos9/bin:/cvmfs/sft.cern.ch/lcg/releases/binutils/2.37-355ed/x86_64-centos9/bin:/afs/cern.ch/user/t/tofitsch/.nvm/versions/node/v20.17.0/bin:/afs/cern.ch/atlas/scripts:/usr/sue/bin:/usr/share/Modules/bin:/usr/condabin:/usr/lib64/ccache:/usr/local/bin:/usr/bin:/usr/local/sbin:/usr/sbin:/opt/puppetlabs/bin:/afs/cern.ch/user/t/tofitsch/.local/bin:/afs/cern.ch/user/t/tofitsch/bin
++++++++ export PATH
++++++++ '[' -z /cvmfs/sft.cern.ch/lcg/releases/gcc/11.3.0-ad0f5/x86_64-centos9/lib:/cvmfs/sft.cern.ch/lcg/releases/gcc/11.3.0-ad0f5/x86_64-centos9/lib64:/cvmfs/sft.cern.ch/lcg/releases/binutils/2.37-355ed/x86_64-centos9/lib ']'
++++++++ LD_LIBRARY_PATH=/cvmfs/sft.cern.ch/lcg/views/LCG_102a/x86_64-centos9-gcc11-opt/lib:/cvmfs/sft.cern.ch/lcg/releases/gcc/11.3.0-ad0f5/x86_64-centos9/lib:/cvmfs/sft.cern.ch/lcg/releases/gcc/11.3.0-ad0f5/x86_64-centos9/lib64:/cvmfs/sft.cern.ch/lcg/releases/binutils/2.37-355ed/x86_64-centos9/lib
++++++++ export LD_LIBRARY_PATH
++++++++ '[' -d /cvmfs/sft.cern.ch/lcg/views/LCG_102a/x86_64-centos9-gcc11-opt/lib64 ']'
++++++++ LD_LIBRARY_PATH=/cvmfs/sft.cern.ch/lcg/views/LCG_102a/x86_64-centos9-gcc11-opt/lib64:/cvmfs/sft.cern.ch/lcg/views/LCG_102a/x86_64-centos9-gcc11-opt/lib:/cvmfs/sft.cern.ch/lcg/releases/gcc/11.3.0-ad0f5/x86_64-centos9/lib:/cvmfs/sft.cern.ch/lcg/releases/gcc/11.3.0-ad0f5/x86_64-centos9/lib64:/cvmfs/sft.cern.ch/lcg/releases/binutils/2.37-355ed/x86_64-centos9/lib
++++++++ export LD_LIBRARY_PATH
++++++++ '[' -x /cvmfs/sft.cern.ch/lcg/views/LCG_102a/x86_64-centos9-gcc11-opt/bin/python ']'
++++++++++ readlink /cvmfs/sft.cern.ch/lcg/views/LCG_102a/x86_64-centos9-gcc11-opt/bin/python
+++++++++ expr /cvmfs/sft.cern.ch/lcg/releases/Python/3.9.12-9a1bc/x86_64-centos9-gcc11-opt/bin/python : '.*/Python/\([0-9].[0-9]\).*'
++++++++ PYTHON_VERSION=3.9
++++++++ PY_PATHS=/cvmfs/sft.cern.ch/lcg/views/LCG_102a/x86_64-centos9-gcc11-opt/lib/python3.9/site-packages
++++++++ '[' -z '' ']'
++++++++ PYTHONPATH=/cvmfs/sft.cern.ch/lcg/views/LCG_102a/x86_64-centos9-gcc11-opt/lib:/cvmfs/sft.cern.ch/lcg/views/LCG_102a/x86_64-centos9-gcc11-opt/lib/python3.9/site-packages
++++++++ export PYTHONPATH
++++++++ '[' -d /cvmfs/sft.cern.ch/lcg/views/LCG_102a/x86_64-centos9-gcc11-opt/python ']'
++++++++ PYTHONPATH=/cvmfs/sft.cern.ch/lcg/views/LCG_102a/x86_64-centos9-gcc11-opt/python:/cvmfs/sft.cern.ch/lcg/views/LCG_102a/x86_64-centos9-gcc11-opt/lib:/cvmfs/sft.cern.ch/lcg/views/LCG_102a/x86_64-centos9-gcc11-opt/lib/python3.9/site-packages
++++++++ export PYTHONPATH
++++++++ '[' -z /cvmfs/sft.cern.ch/lcg/releases/gcc/11.3.0-ad0f5/x86_64-centos9/share/man:/cvmfs/sft.cern.ch/lcg/releases/binutils/2.37-355ed/x86_64-centos9/share/man:/afs/cern.ch/user/t/tofitsch/.nvm/versions/node/v20.17.0/share/man:/usr/share/man::/opt/puppetlabs/puppet/share/man ']'
++++++++ MANPATH=/cvmfs/sft.cern.ch/lcg/views/LCG_102a/x86_64-centos9-gcc11-opt/man:/cvmfs/sft.cern.ch/lcg/views/LCG_102a/x86_64-centos9-gcc11-opt/share/man:/cvmfs/sft.cern.ch/lcg/releases/gcc/11.3.0-ad0f5/x86_64-centos9/share/man:/cvmfs/sft.cern.ch/lcg/releases/binutils/2.37-355ed/x86_64-centos9/share/man:/afs/cern.ch/user/t/tofitsch/.nvm/versions/node/v20.17.0/share/man:/usr/share/man::/opt/puppetlabs/puppet/share/man
++++++++ export MANPATH
++++++++ '[' -z '' ']'
++++++++ CMAKE_PREFIX_PATH=/cvmfs/sft.cern.ch/lcg/views/LCG_102a/x86_64-centos9-gcc11-opt
++++++++ export CMAKE_PREFIX_PATH
++++++++ '[' -z '' ']'
++++++++ CPLUS_INCLUDE_PATH=/cvmfs/sft.cern.ch/lcg/views/LCG_102a/x86_64-centos9-gcc11-opt/include
++++++++ export CPLUS_INCLUDE_PATH
++++++++ '[' -z '' ']'
++++++++ C_INCLUDE_PATH=/cvmfs/sft.cern.ch/lcg/views/LCG_102a/x86_64-centos9-gcc11-opt/include
++++++++ export C_INCLUDE_PATH
++++++++ '[' -z /cvmfs/sft.cern.ch/lcg/releases/gcc/11.3.0-ad0f5/x86_64-centos9/bin/g++ ']'
++++++++ '[' -f /cvmfs/sft.cern.ch/lcg/views/LCG_102a/x86_64-centos9-gcc11-opt/include/Vc/Vc ']'
++++++++++++ readlink /cvmfs/sft.cern.ch/lcg/views/LCG_102a/x86_64-centos9-gcc11-opt/include/Vc/Vc
+++++++++++ dirname /cvmfs/sft.cern.ch/lcg/releases/Vc/1.4.3-57098/x86_64-centos9-gcc11-opt/include/Vc/Vc
++++++++++ dirname /cvmfs/sft.cern.ch/lcg/releases/Vc/1.4.3-57098/x86_64-centos9-gcc11-opt/include/Vc
+++++++++ dirname /cvmfs/sft.cern.ch/lcg/releases/Vc/1.4.3-57098/x86_64-centos9-gcc11-opt/include
++++++++ vc_home=/cvmfs/sft.cern.ch/lcg/releases/Vc/1.4.3-57098/x86_64-centos9-gcc11-opt
+++++++++ egrep -o 'CMAKE_CXX_STANDARD=[0-9]+'
+++++++++ egrep -o '[0-9]+'
+++++++++ cat /cvmfs/sft.cern.ch/lcg/releases/Vc/1.4.3-57098/x86_64-centos9-gcc11-opt/logs/Vc-1.4.3-configure.cmake
++++++++ std=17
++++++++ export CMAKE_CXX_STANDARD=17
++++++++ CMAKE_CXX_STANDARD=17
++++++++ '[' -x /cvmfs/sft.cern.ch/lcg/views/LCG_102a/x86_64-centos9-gcc11-opt/bin/root ']'
++++++++ '[' -x /cvmfs/sft.cern.ch/lcg/views/LCG_102a/x86_64-centos9-gcc11-opt/bin/python ']'
+++++++++++ readlink /cvmfs/sft.cern.ch/lcg/views/LCG_102a/x86_64-centos9-gcc11-opt/bin/python
++++++++++ dirname /cvmfs/sft.cern.ch/lcg/releases/Python/3.9.12-9a1bc/x86_64-centos9-gcc11-opt/bin/python
+++++++++ dirname /cvmfs/sft.cern.ch/lcg/releases/Python/3.9.12-9a1bc/x86_64-centos9-gcc11-opt/bin
++++++++++++ readlink /cvmfs/sft.cern.ch/lcg/views/LCG_102a/x86_64-centos9-gcc11-opt/bin/python
+++++++++++ dirname /cvmfs/sft.cern.ch/lcg/releases/Python/3.9.12-9a1bc/x86_64-centos9-gcc11-opt/bin/python
++++++++++ dirname /cvmfs/sft.cern.ch/lcg/releases/Python/3.9.12-9a1bc/x86_64-centos9-gcc11-opt/bin
+++++++++ ls /cvmfs/sft.cern.ch/lcg/releases/Python/3.9.12-9a1bc/x86_64-centos9-gcc11-opt/include
++++++++ PYTHON_INCLUDE_PATH=/cvmfs/sft.cern.ch/lcg/releases/Python/3.9.12-9a1bc/x86_64-centos9-gcc11-opt/include/python3.9
+++++++++++ readlink /cvmfs/sft.cern.ch/lcg/views/LCG_102a/x86_64-centos9-gcc11-opt/bin/root
++++++++++ dirname /cvmfs/sft.cern.ch/lcg/releases/ROOT/6.26.08-69213/x86_64-centos9-gcc11-opt/bin/root
+++++++++ dirname /cvmfs/sft.cern.ch/lcg/releases/ROOT/6.26.08-69213/x86_64-centos9-gcc11-opt/bin
++++++++ ROOTSYS=/cvmfs/sft.cern.ch/lcg/releases/ROOT/6.26.08-69213/x86_64-centos9-gcc11-opt
++++++++ export ROOTSYS
++++++++ '[' -z '' ']'
++++++++ ROOT_INCLUDE_PATH=/cvmfs/sft.cern.ch/lcg/views/LCG_102a/x86_64-centos9-gcc11-opt/include:/cvmfs/sft.cern.ch/lcg/releases/Python/3.9.12-9a1bc/x86_64-centos9-gcc11-opt/include/python3.9
++++++++ export ROOT_INCLUDE_PATH
++++++++ '[' -d /cvmfs/sft.cern.ch/lcg/views/LCG_102a/x86_64-centos9-gcc11-opt/targets/x86_64-linux/include ']'
++++++++ '[' -z '' ']'
++++++++ JUPYTER_PATH=/cvmfs/sft.cern.ch/lcg/views/LCG_102a/x86_64-centos9-gcc11-opt/etc/notebook
++++++++ export JUPYTER_PATH
++++++++ export CPPYY_BACKEND_LIBRARY=/cvmfs/sft.cern.ch/lcg/releases/ROOT/6.26.08-69213/x86_64-centos9-gcc11-opt/lib/libcppyy_backend3_9
++++++++ CPPYY_BACKEND_LIBRARY=/cvmfs/sft.cern.ch/lcg/releases/ROOT/6.26.08-69213/x86_64-centos9-gcc11-opt/lib/libcppyy_backend3_9
++++++++ export CLING_STANDARD_PCH=none
++++++++ CLING_STANDARD_PCH=none
++++++++ '[' -x /cvmfs/sft.cern.ch/lcg/views/LCG_102a/x86_64-centos9-gcc11-opt/include/Gaudi ']'
+++++++++++ readlink /cvmfs/sft.cern.ch/lcg/views/LCG_102a/x86_64-centos9-gcc11-opt/include/nlohmann/json.hpp
++++++++++ dirname /cvmfs/sft.cern.ch/lcg/releases/jsonmcpp/3.10.5-f26c3/x86_64-centos9-gcc11-opt/include/nlohmann/json.hpp
+++++++++ dirname /cvmfs/sft.cern.ch/lcg/releases/jsonmcpp/3.10.5-f26c3/x86_64-centos9-gcc11-opt/include/nlohmann
++++++++ jsoninc=/cvmfs/sft.cern.ch/lcg/releases/jsonmcpp/3.10.5-f26c3/x86_64-centos9-gcc11-opt/include
++++++++ ROOT_INCLUDE_PATH=/cvmfs/sft.cern.ch/lcg/releases/jsonmcpp/3.10.5-f26c3/x86_64-centos9-gcc11-opt/include:/cvmfs/sft.cern.ch/lcg/views/LCG_102a/x86_64-centos9-gcc11-opt/src/cpp:/cvmfs/sft.cern.ch/lcg/views/LCG_102a/x86_64-centos9-gcc11-opt/include:/cvmfs/sft.cern.ch/lcg/releases/Python/3.9.12-9a1bc/x86_64-centos9-gcc11-opt/include/python3.9
++++++++ export ROOT_INCLUDE_PATH
++++++++ '[' -x /cvmfs/sft.cern.ch/lcg/views/LCG_102a/x86_64-centos9-gcc11-opt/scripts/gaudirun.py ']'
++++++++ '[' -x /cvmfs/sft.cern.ch/lcg/views/LCG_102a/x86_64-centos9-gcc11-opt/bin/geant4-config ']'
++++++++ IFS='
'
+++++++++ /cvmfs/sft.cern.ch/lcg/views/LCG_102a/x86_64-centos9-gcc11-opt/bin/geant4-config --datasets
++++++++ for line in `$thisdir/bin/geant4-config --datasets`
++++++++ unset IFS
++++++++ read dataset var value
++++++++ export G4NEUTRONHPDATA=/cvmfs/geant4.cern.ch/share/data/G4NDL4.6
++++++++ G4NEUTRONHPDATA=/cvmfs/geant4.cern.ch/share/data/G4NDL4.6
++++++++ for line in `$thisdir/bin/geant4-config --datasets`
++++++++ unset IFS
++++++++ read dataset var value
++++++++ export G4LEDATA=/cvmfs/geant4.cern.ch/share/data/G4EMLOW8.0
++++++++ G4LEDATA=/cvmfs/geant4.cern.ch/share/data/G4EMLOW8.0
++++++++ for line in `$thisdir/bin/geant4-config --datasets`
++++++++ unset IFS
++++++++ read dataset var value
++++++++ export G4LEVELGAMMADATA=/cvmfs/geant4.cern.ch/share/data/PhotonEvaporation5.7
++++++++ G4LEVELGAMMADATA=/cvmfs/geant4.cern.ch/share/data/PhotonEvaporation5.7
++++++++ for line in `$thisdir/bin/geant4-config --datasets`
++++++++ unset IFS
++++++++ read dataset var value
++++++++ export G4RADIOACTIVEDATA=/cvmfs/geant4.cern.ch/share/data/RadioactiveDecay5.6
++++++++ G4RADIOACTIVEDATA=/cvmfs/geant4.cern.ch/share/data/RadioactiveDecay5.6
++++++++ for line in `$thisdir/bin/geant4-config --datasets`
++++++++ unset IFS
++++++++ read dataset var value
++++++++ export G4PARTICLEXSDATA=/cvmfs/geant4.cern.ch/share/data/G4PARTICLEXS4.0
++++++++ G4PARTICLEXSDATA=/cvmfs/geant4.cern.ch/share/data/G4PARTICLEXS4.0
++++++++ for line in `$thisdir/bin/geant4-config --datasets`
++++++++ unset IFS
++++++++ read dataset var value
++++++++ export G4PIIDATA=/cvmfs/geant4.cern.ch/share/data/G4PII1.3
++++++++ G4PIIDATA=/cvmfs/geant4.cern.ch/share/data/G4PII1.3
++++++++ for line in `$thisdir/bin/geant4-config --datasets`
++++++++ unset IFS
++++++++ read dataset var value
++++++++ export G4REALSURFACEDATA=/cvmfs/geant4.cern.ch/share/data/RealSurface2.2
++++++++ G4REALSURFACEDATA=/cvmfs/geant4.cern.ch/share/data/RealSurface2.2
++++++++ for line in `$thisdir/bin/geant4-config --datasets`
++++++++ unset IFS
++++++++ read dataset var value
++++++++ export G4SAIDXSDATA=/cvmfs/geant4.cern.ch/share/data/G4SAIDDATA2.0
++++++++ G4SAIDXSDATA=/cvmfs/geant4.cern.ch/share/data/G4SAIDDATA2.0
++++++++ for line in `$thisdir/bin/geant4-config --datasets`
++++++++ unset IFS
++++++++ read dataset var value
++++++++ export G4ABLADATA=/cvmfs/geant4.cern.ch/share/data/G4ABLA3.1
++++++++ G4ABLADATA=/cvmfs/geant4.cern.ch/share/data/G4ABLA3.1
++++++++ for line in `$thisdir/bin/geant4-config --datasets`
++++++++ unset IFS
++++++++ read dataset var value
++++++++ export G4INCLDATA=/cvmfs/geant4.cern.ch/share/data/G4INCL1.0
++++++++ G4INCLDATA=/cvmfs/geant4.cern.ch/share/data/G4INCL1.0
++++++++ for line in `$thisdir/bin/geant4-config --datasets`
++++++++ unset IFS
++++++++ read dataset var value
++++++++ export G4ENSDFSTATEDATA=/cvmfs/geant4.cern.ch/share/data/G4ENSDFSTATE2.3
++++++++ G4ENSDFSTATEDATA=/cvmfs/geant4.cern.ch/share/data/G4ENSDFSTATE2.3
++++++++++ geant4-config --prefix
+++++++++ cd /cvmfs/sft.cern.ch/lcg/releases/Geant4/11.0.3-d0974/x86_64-centos9-gcc11-opt/bin/..
+++++++++ pwd
++++++++ export G4INSTALL=/cvmfs/sft.cern.ch/lcg/releases/Geant4/11.0.3-d0974/x86_64-centos9-gcc11-opt
++++++++ G4INSTALL=/cvmfs/sft.cern.ch/lcg/releases/Geant4/11.0.3-d0974/x86_64-centos9-gcc11-opt
+++++++++ geant4-config --version
++++++++ export G4EXAMPLES=/cvmfs/sft.cern.ch/lcg/releases/Geant4/11.0.3-d0974/x86_64-centos9-gcc11-opt/share/Geant4-11.0.3/examples
++++++++ G4EXAMPLES=/cvmfs/sft.cern.ch/lcg/releases/Geant4/11.0.3-d0974/x86_64-centos9-gcc11-opt/share/Geant4-11.0.3/examples
++++++++ ROOT_INCLUDE_PATH=/cvmfs/sft.cern.ch/lcg/views/LCG_102a/x86_64-centos9-gcc11-opt/include/Geant4:/cvmfs/sft.cern.ch/lcg/releases/jsonmcpp/3.10.5-f26c3/x86_64-centos9-gcc11-opt/include:/cvmfs/sft.cern.ch/lcg/views/LCG_102a/x86_64-centos9-gcc11-opt/src/cpp:/cvmfs/sft.cern.ch/lcg/views/LCG_102a/x86_64-centos9-gcc11-opt/include:/cvmfs/sft.cern.ch/lcg/releases/Python/3.9.12-9a1bc/x86_64-centos9-gcc11-opt/include/python3.9
++++++++ export ROOT_INCLUDE_PATH
+++++++++ uname
++++++++ '[' Darwin = Linux ']'
++++++++ '[' -x /cvmfs/sft.cern.ch/lcg/views/LCG_102a/x86_64-centos9-gcc11-opt/bin/java ']'
+++++++++++ readlink /cvmfs/sft.cern.ch/lcg/views/LCG_102a/x86_64-centos9-gcc11-opt/bin/java
++++++++++ dirname /cvmfs/sft.cern.ch/lcg/releases/java/8u312-80070/x86_64-centos9-gcc11-opt/bin/java
+++++++++ dirname /cvmfs/sft.cern.ch/lcg/releases/java/8u312-80070/x86_64-centos9-gcc11-opt/bin
++++++++ JAVA_HOME=/cvmfs/sft.cern.ch/lcg/releases/java/8u312-80070/x86_64-centos9-gcc11-opt
++++++++ export JAVA_HOME
++++++++ LD_LIBRARY_PATH=/cvmfs/sft.cern.ch/lcg/releases/java/8u312-80070/x86_64-centos9-gcc11-opt/jre/lib/amd64:/cvmfs/sft.cern.ch/lcg/views/LCG_102a/x86_64-centos9-gcc11-opt/lib64:/cvmfs/sft.cern.ch/lcg/views/LCG_102a/x86_64-centos9-gcc11-opt/lib:/cvmfs/sft.cern.ch/lcg/releases/gcc/11.3.0-ad0f5/x86_64-centos9/lib:/cvmfs/sft.cern.ch/lcg/releases/gcc/11.3.0-ad0f5/x86_64-centos9/lib64:/cvmfs/sft.cern.ch/lcg/releases/binutils/2.37-355ed/x86_64-centos9/lib
++++++++ export LD_LIBRARY_PATH
++++++++ '[' -x /cvmfs/sft.cern.ch/lcg/views/LCG_102a/x86_64-centos9-gcc11-opt/bin/python ']'
+++++++++++ readlink /cvmfs/sft.cern.ch/lcg/views/LCG_102a/x86_64-centos9-gcc11-opt/bin/python
++++++++++ dirname /cvmfs/sft.cern.ch/lcg/releases/Python/3.9.12-9a1bc/x86_64-centos9-gcc11-opt/bin/python
+++++++++ dirname /cvmfs/sft.cern.ch/lcg/releases/Python/3.9.12-9a1bc/x86_64-centos9-gcc11-opt/bin
++++++++ PYTHONHOME=/cvmfs/sft.cern.ch/lcg/releases/Python/3.9.12-9a1bc/x86_64-centos9-gcc11-opt
++++++++ export PYTHONHOME
++++++++ '[' -x /cvmfs/sft.cern.ch/lcg/views/LCG_102a/x86_64-centos9-gcc11-opt/bin/hadoop -a -e /cvmfs/sft.cern.ch/lcg/views/LCG_102a/x86_64-centos9-gcc11-opt/lib/hadoop-xrootd.jar ']'
++++++++ HADOOP_CLASSPATH=/cvmfs/sft.cern.ch/lcg/views/LCG_102a/x86_64-centos9-gcc11-opt/lib/hadoop-xrootd.jar
+++++++++ readlink /cvmfs/sft.cern.ch/lcg/views/LCG_102a/x86_64-centos9-gcc11-opt/lib/hadoop-xrootd.jar
++++++++ HADOOP_CLASSPATH=/cvmfs/sft.cern.ch/lcg/releases/hadoop_xrootd/1.0.7-8483c/x86_64-centos9-gcc11-opt/lib/hadoop-xrootd.jar
++++++++ export HADOOP_CLASSPATH
++++++++ '[' -x /cvmfs/sft.cern.ch/lcg/views/LCG_102a/x86_64-centos9-gcc11-opt/bin/pyspark ']'
+++++++++++ readlink /cvmfs/sft.cern.ch/lcg/views/LCG_102a/x86_64-centos9-gcc11-opt/bin/pyspark
++++++++++ dirname /cvmfs/sft.cern.ch/lcg/releases/spark/3.2.1-cern1-f52b6/x86_64-centos9-gcc11-opt/bin/pyspark
+++++++++ dirname /cvmfs/sft.cern.ch/lcg/releases/spark/3.2.1-cern1-f52b6/x86_64-centos9-gcc11-opt/bin
++++++++ SPARK_HOME=/cvmfs/sft.cern.ch/lcg/releases/spark/3.2.1-cern1-f52b6/x86_64-centos9-gcc11-opt
++++++++ export SPARK_HOME
++++++++ [[ 3.9 == 2* ]]
++++++++ [[ 3.9 == 3* ]]
++++++++ PYSPARK_PYTHON=/cvmfs/sft.cern.ch/lcg/releases/Python/3.9.12-9a1bc/x86_64-centos9-gcc11-opt/bin/python3
++++++++ export PYSPARK_PYTHON
++++++++ '[' -x /cvmfs/sft.cern.ch/lcg/views/LCG_102a/x86_64-centos9-gcc11-opt/bin/hadoop ']'
+++++++++ /cvmfs/sft.cern.ch/lcg/views/LCG_102a/x86_64-centos9-gcc11-opt/bin/hadoop classpath
++++++++ SPARK_DIST_CLASSPATH='/cvmfs/sft.cern.ch/lcg/views/LCG_102a/x86_64-centos9-gcc11-opt/etc/hadoop:/cvmfs/sft.cern.ch/lcg/views/LCG_102a/x86_64-centos9-gcc11-opt/share/hadoop/common/lib/*:/cvmfs/sft.cern.ch/lcg/views/LCG_102a/x86_64-centos9-gcc11-opt/share/hadoop/common/*:/cvmfs/sft.cern.ch/lcg/views/LCG_102a/x86_64-centos9-gcc11-opt/share/hadoop/hdfs:/cvmfs/sft.cern.ch/lcg/views/LCG_102a/x86_64-centos9-gcc11-opt/share/hadoop/hdfs/lib/*:/cvmfs/sft.cern.ch/lcg/views/LCG_102a/x86_64-centos9-gcc11-opt/share/hadoop/hdfs/*:/cvmfs/sft.cern.ch/lcg/views/LCG_102a/x86_64-centos9-gcc11-opt/share/hadoop/mapreduce/*:/cvmfs/sft.cern.ch/lcg/views/LCG_102a/x86_64-centos9-gcc11-opt/share/hadoop/yarn/lib/*:/cvmfs/sft.cern.ch/lcg/views/LCG_102a/x86_64-centos9-gcc11-opt/share/hadoop/yarn/*:/cvmfs/sft.cern.ch/lcg/releases/hadoop_xrootd/1.0.7-8483c/x86_64-centos9-gcc11-opt/lib/hadoop-xrootd.jar'
++++++++ export SPARK_DIST_CLASSPATH
++++++++ '[' -f /cvmfs/sft.cern.ch/lcg/views/LCG_102a/x86_64-centos9-gcc11-opt/lib/libBLAS.a ']'
++++++++ '[' -f /cvmfs/sft.cern.ch/lcg/views/LCG_102a/x86_64-centos9-gcc11-opt/lib/libLAPACK.a ']'
++++++++ '[' -x /cvmfs/sft.cern.ch/lcg/views/LCG_102a/x86_64-centos9-gcc11-opt/bin/octave ']'
++++++++++ readlink /cvmfs/sft.cern.ch/lcg/views/LCG_102a/x86_64-centos9-gcc11-opt/bin/octave
+++++++++ dirname /cvmfs/sft.cern.ch/lcg/releases/octave/6.2.0-38517/x86_64-centos9-gcc11-opt/bin/octave
++++++++ OCTAVE_BINDIR=/cvmfs/sft.cern.ch/lcg/releases/octave/6.2.0-38517/x86_64-centos9-gcc11-opt/bin
++++++++ export OCTAVE_BINDIR
+++++++++ dirname /cvmfs/sft.cern.ch/lcg/releases/octave/6.2.0-38517/x86_64-centos9-gcc11-opt/bin
++++++++ OCTAVE_HOME=/cvmfs/sft.cern.ch/lcg/releases/octave/6.2.0-38517/x86_64-centos9-gcc11-opt
++++++++ export OCTAVE_HOME
++++++++ export 'OCTAVE_LINK_DEPS=-lfreetype -lz -lGL -lGLU -lfontconfig -lfreetype -lX11 -lncurses -lpcre -ldl -lgfortran -lm -lquadmath -lutil -lm -L/cvmfs/sft.cern.ch/lcg/views/LCG_102a/x86_64-centos9-gcc11-opt/lib  '
++++++++ OCTAVE_LINK_DEPS='-lfreetype -lz -lGL -lGLU -lfontconfig -lfreetype -lX11 -lncurses -lpcre -ldl -lgfortran -lm -lquadmath -lutil -lm -L/cvmfs/sft.cern.ch/lcg/views/LCG_102a/x86_64-centos9-gcc11-opt/lib  '
++++++++ OCT_LINK_DEPS='-lfreetype -lz -lGL -lGLU -lfontconfig -lfreetype -lX11 -lncurses -lpcre -ldl -lgfortran -lm -lquadmath -lutil -lm -L/cvmfs/sft.cern.ch/lcg/views/LCG_102a/x86_64-centos9-gcc11-opt/lib  '
++++++++ export OCT_LINK_DEPS
++++++++ '[' -x /cvmfs/sft.cern.ch/lcg/views/LCG_102a/x86_64-centos9-gcc11-opt/bin/hbase ']'
+++++++++++ readlink /cvmfs/sft.cern.ch/lcg/views/LCG_102a/x86_64-centos9-gcc11-opt/bin/hbase
++++++++++ dirname /cvmfs/sft.cern.ch/lcg/releases/hbase/1.2.0-b082a/x86_64-centos9-gcc11-opt/bin/hbase
+++++++++ dirname /cvmfs/sft.cern.ch/lcg/releases/hbase/1.2.0-b082a/x86_64-centos9-gcc11-opt/bin
++++++++ HBASE_HOME=/cvmfs/sft.cern.ch/lcg/releases/hbase/1.2.0-b082a/x86_64-centos9-gcc11-opt
++++++++ export HBASE_HOME
++++++++ '[' -x /cvmfs/sft.cern.ch/lcg/views/LCG_102a/x86_64-centos9-gcc11-opt/bin/jupyter ']'
++++++++ '[' -z /cvmfs/sft.cern.ch/lcg/views/LCG_102a/x86_64-centos9-gcc11-opt/etc/notebook ']'
++++++++ JUPYTER_PATH=/cvmfs/sft.cern.ch/lcg/views/LCG_102a/x86_64-centos9-gcc11-opt/share/jupyter:/cvmfs/sft.cern.ch/lcg/views/LCG_102a/x86_64-centos9-gcc11-opt/etc/notebook
++++++++ export JUPYTER_PATH
++++++++ '[' -x /cvmfs/sft.cern.ch/lcg/views/LCG_102a/x86_64-centos9-gcc11-opt/bin/R ']'
++++++++ '[' -n /cvmfs/sft.cern.ch/lcg/releases/gcc/11.3.0-ad0f5/x86_64-centos9/bin/gfortran ']'
++++++++ unset R_HOME
+++++++++ echo 'cat(Sys.getenv('\''R_HOME'\''))'
+++++++++ env LC_CTYPE=en_US.UTF-8 /cvmfs/sft.cern.ch/lcg/views/LCG_102a/x86_64-centos9-gcc11-opt/bin/R --vanilla --slave
++++++++ RHOME=/cvmfs/sft.cern.ch/lcg/releases/R/4.1.2-7ed8f/x86_64-centos9-gcc11-opt/lib64/R
++++++++ export RHOME
++++++++ export R_HOME=/cvmfs/sft.cern.ch/lcg/releases/R/4.1.2-7ed8f/x86_64-centos9-gcc11-opt/lib64/R
++++++++ R_HOME=/cvmfs/sft.cern.ch/lcg/releases/R/4.1.2-7ed8f/x86_64-centos9-gcc11-opt/lib64/R
++++++++ '[' -z /cvmfs/sft.cern.ch/lcg/views/LCG_102a/x86_64-centos9-gcc11-opt/include/Geant4:/cvmfs/sft.cern.ch/lcg/releases/jsonmcpp/3.10.5-f26c3/x86_64-centos9-gcc11-opt/include:/cvmfs/sft.cern.ch/lcg/views/LCG_102a/x86_64-centos9-gcc11-opt/src/cpp:/cvmfs/sft.cern.ch/lcg/views/LCG_102a/x86_64-centos9-gcc11-opt/include:/cvmfs/sft.cern.ch/lcg/releases/Python/3.9.12-9a1bc/x86_64-centos9-gcc11-opt/include/python3.9 ']'
+++++++++ echo 'cat(Sys.getenv('\''R_INCLUDE_DIR'\''))'
+++++++++ env LC_CTYPE=en_US.UTF-8 /cvmfs/sft.cern.ch/lcg/views/LCG_102a/x86_64-centos9-gcc11-opt/bin/R --vanilla --slave
++++++++ ROOT_INCLUDE_PATH=/cvmfs/sft.cern.ch/lcg/views/LCG_102a/x86_64-centos9-gcc11-opt/include/Geant4:/cvmfs/sft.cern.ch/lcg/releases/jsonmcpp/3.10.5-f26c3/x86_64-centos9-gcc11-opt/include:/cvmfs/sft.cern.ch/lcg/views/LCG_102a/x86_64-centos9-gcc11-opt/src/cpp:/cvmfs/sft.cern.ch/lcg/views/LCG_102a/x86_64-centos9-gcc11-opt/include:/cvmfs/sft.cern.ch/lcg/releases/Python/3.9.12-9a1bc/x86_64-centos9-gcc11-opt/include/python3.9:/cvmfs/sft.cern.ch/lcg/releases/R/4.1.2-7ed8f/x86_64-centos9-gcc11-opt/lib64/R/include
+++++++++ echo 'cat(find.package('\''RInside'\''))'
+++++++++ env LC_CTYPE=en_US.UTF-8 /cvmfs/sft.cern.ch/lcg/views/LCG_102a/x86_64-centos9-gcc11-opt/bin/R --vanilla --slave
++++++++ ROOT_INCLUDE_PATH=/cvmfs/sft.cern.ch/lcg/views/LCG_102a/x86_64-centos9-gcc11-opt/include/Geant4:/cvmfs/sft.cern.ch/lcg/releases/jsonmcpp/3.10.5-f26c3/x86_64-centos9-gcc11-opt/include:/cvmfs/sft.cern.ch/lcg/views/LCG_102a/x86_64-centos9-gcc11-opt/src/cpp:/cvmfs/sft.cern.ch/lcg/views/LCG_102a/x86_64-centos9-gcc11-opt/include:/cvmfs/sft.cern.ch/lcg/releases/Python/3.9.12-9a1bc/x86_64-centos9-gcc11-opt/include/python3.9:/cvmfs/sft.cern.ch/lcg/releases/R/4.1.2-7ed8f/x86_64-centos9-gcc11-opt/lib64/R/include:/cvmfs/sft.cern.ch/lcg/releases/R/4.1.2-7ed8f/x86_64-centos9-gcc11-opt/lib64/R/library/RInside/include
+++++++++ echo 'cat(find.package('\''Rcpp'\''))'
+++++++++ env LC_CTYPE=en_US.UTF-8 /cvmfs/sft.cern.ch/lcg/views/LCG_102a/x86_64-centos9-gcc11-opt/bin/R --vanilla --slave
++++++++ ROOT_INCLUDE_PATH=/cvmfs/sft.cern.ch/lcg/views/LCG_102a/x86_64-centos9-gcc11-opt/include/Geant4:/cvmfs/sft.cern.ch/lcg/releases/jsonmcpp/3.10.5-f26c3/x86_64-centos9-gcc11-opt/include:/cvmfs/sft.cern.ch/lcg/views/LCG_102a/x86_64-centos9-gcc11-opt/src/cpp:/cvmfs/sft.cern.ch/lcg/views/LCG_102a/x86_64-centos9-gcc11-opt/include:/cvmfs/sft.cern.ch/lcg/releases/Python/3.9.12-9a1bc/x86_64-centos9-gcc11-opt/include/python3.9:/cvmfs/sft.cern.ch/lcg/releases/R/4.1.2-7ed8f/x86_64-centos9-gcc11-opt/lib64/R/include:/cvmfs/sft.cern.ch/lcg/releases/R/4.1.2-7ed8f/x86_64-centos9-gcc11-opt/lib64/R/library/RInside/include:/cvmfs/sft.cern.ch/lcg/releases/R/4.1.2-7ed8f/x86_64-centos9-gcc11-opt/lib64/R/library/Rcpp/include
+++++++++ echo 'cat(find.package('\''readr'\''))'
+++++++++ env LC_CTYPE=en_US.UTF-8 /cvmfs/sft.cern.ch/lcg/views/LCG_102a/x86_64-centos9-gcc11-opt/bin/R --vanilla --slave
++++++++ LD_LIBRARY_PATH=/cvmfs/sft.cern.ch/lcg/releases/java/8u312-80070/x86_64-centos9-gcc11-opt/jre/lib/amd64:/cvmfs/sft.cern.ch/lcg/views/LCG_102a/x86_64-centos9-gcc11-opt/lib64:/cvmfs/sft.cern.ch/lcg/views/LCG_102a/x86_64-centos9-gcc11-opt/lib:/cvmfs/sft.cern.ch/lcg/releases/gcc/11.3.0-ad0f5/x86_64-centos9/lib:/cvmfs/sft.cern.ch/lcg/releases/gcc/11.3.0-ad0f5/x86_64-centos9/lib64:/cvmfs/sft.cern.ch/lcg/releases/binutils/2.37-355ed/x86_64-centos9/lib:/cvmfs/sft.cern.ch/lcg/releases/R/4.1.2-7ed8f/x86_64-centos9-gcc11-opt/lib64/R/library/readr/rcon
++++++++ export ROOT_INCLUDE_PATH
++++++++ '[' -x /cvmfs/sft.cern.ch/lcg/views/LCG_102a/x86_64-centos9-gcc11-opt/libexec/valgrind/vgpreload_memcheck-amd64-linux.so ']'
++++++++ VALGRIND_LIB=/cvmfs/sft.cern.ch/lcg/views/LCG_102a/x86_64-centos9-gcc11-opt/libexec/valgrind
++++++++ export VALGRIND_LIB
++++++++ '[' -x /cvmfs/sft.cern.ch/lcg/views/LCG_102a/x86_64-centos9-gcc11-opt/bin/DelphesHepMC ']'
++++++++ '[' -f /cvmfs/sft.cern.ch/lcg/views/LCG_102a/x86_64-centos9-gcc11-opt/bin/pythia8-config ']'
+++++++++++ readlink /cvmfs/sft.cern.ch/lcg/views/LCG_102a/x86_64-centos9-gcc11-opt/bin/pythia8-config
++++++++++ dirname /cvmfs/sft.cern.ch/lcg/releases/MCGenerators/pythia8/307p1-96556/x86_64-centos9-gcc11-opt/bin/pythia8-config
+++++++++ dirname /cvmfs/sft.cern.ch/lcg/releases/MCGenerators/pythia8/307p1-96556/x86_64-centos9-gcc11-opt/bin
++++++++ PYTHIA8=/cvmfs/sft.cern.ch/lcg/releases/MCGenerators/pythia8/307p1-96556/x86_64-centos9-gcc11-opt
++++++++ export PYTHIA8
++++++++ PYTHIA8DATA=/cvmfs/sft.cern.ch/lcg/releases/MCGenerators/pythia8/307p1-96556/x86_64-centos9-gcc11-opt/share/Pythia8/xmldoc
++++++++ export PYTHIA8DATA
++++++++ '[' -f /cvmfs/sft.cern.ch/lcg/views/LCG_102a/x86_64-centos9-gcc11-opt/bin/dot ']'
+++++++++++ readlink /cvmfs/sft.cern.ch/lcg/views/LCG_102a/x86_64-centos9-gcc11-opt/bin/dot
++++++++++ dirname /cvmfs/sft.cern.ch/lcg/releases/graphviz/2.40.1-cafb6/x86_64-centos9-gcc11-opt/bin/dot
+++++++++ dirname /cvmfs/sft.cern.ch/lcg/releases/graphviz/2.40.1-cafb6/x86_64-centos9-gcc11-opt/bin
++++++++ GVBINDIR=/cvmfs/sft.cern.ch/lcg/releases/graphviz/2.40.1-cafb6/x86_64-centos9-gcc11-opt/lib/graphviz
++++++++ export GVBINDIR
++++++++ '[' -f /cvmfs/sft.cern.ch/lcg/views/LCG_102a/x86_64-centos9-gcc11-opt/bin/go ']'
+++++++++++ readlink /cvmfs/sft.cern.ch/lcg/views/LCG_102a/x86_64-centos9-gcc11-opt/bin/go
++++++++++ dirname /cvmfs/sft.cern.ch/lcg/releases/go/1.12.5-ff8e6/x86_64-centos9-gcc11-opt/bin/go
+++++++++ dirname /cvmfs/sft.cern.ch/lcg/releases/go/1.12.5-ff8e6/x86_64-centos9-gcc11-opt/bin
++++++++ GOROOT=/cvmfs/sft.cern.ch/lcg/releases/go/1.12.5-ff8e6/x86_64-centos9-gcc11-opt
++++++++ export GOROOT
++++++++ '[' -f /cvmfs/sft.cern.ch/lcg/views/LCG_102a/x86_64-centos9-gcc11-opt/bin/gophernotes ']'
+++++++++++ readlink /cvmfs/sft.cern.ch/lcg/views/LCG_102a/x86_64-centos9-gcc11-opt/bin/gophernotes
++++++++++ dirname /cvmfs/sft.cern.ch/lcg/releases/gophernotes/7c3ca4e-d1acd/x86_64-centos9-gcc11-opt/bin/gophernotes
+++++++++ dirname /cvmfs/sft.cern.ch/lcg/releases/gophernotes/7c3ca4e-d1acd/x86_64-centos9-gcc11-opt/bin
++++++++ GOPATH=/cvmfs/sft.cern.ch/lcg/releases/gophernotes/7c3ca4e-d1acd/x86_64-centos9-gcc11-opt:
++++++++ export GOPATH
++++++++++ readlink /cvmfs/sft.cern.ch/lcg/views/LCG_102a/x86_64-centos9-gcc11-opt/bin/gophernotes
+++++++++ dirname /cvmfs/sft.cern.ch/lcg/releases/gophernotes/7c3ca4e-d1acd/x86_64-centos9-gcc11-opt/bin/gophernotes
++++++++ GOBIN=/cvmfs/sft.cern.ch/lcg/releases/gophernotes/7c3ca4e-d1acd/x86_64-centos9-gcc11-opt/bin
++++++++ export GOBIN
++++++++ '[' -f /cvmfs/sft.cern.ch/lcg/views/LCG_102a/x86_64-centos9-gcc11-opt/lib/libQt5Gui.so ']'
+++++++++++ readlink /cvmfs/sft.cern.ch/lcg/views/LCG_102a/x86_64-centos9-gcc11-opt/lib/libQt5Gui.so
++++++++++ dirname /cvmfs/sft.cern.ch/lcg/releases/qt5/5.15.2-1b0da/x86_64-centos9-gcc11-opt/lib/libQt5Gui.so
+++++++++ dirname /cvmfs/sft.cern.ch/lcg/releases/qt5/5.15.2-1b0da/x86_64-centos9-gcc11-opt/lib
++++++++ export QT_PLUGIN_PATH=/cvmfs/sft.cern.ch/lcg/releases/qt5/5.15.2-1b0da/x86_64-centos9-gcc11-opt/plugins
++++++++ QT_PLUGIN_PATH=/cvmfs/sft.cern.ch/lcg/releases/qt5/5.15.2-1b0da/x86_64-centos9-gcc11-opt/plugins
++++++++ export QT_XKB_CONFIG_ROOT=/usr/share/X11/xkb
++++++++ QT_XKB_CONFIG_ROOT=/usr/share/X11/xkb
++++++++ '[' -f /cvmfs/sft.cern.ch/lcg/views/LCG_102a/x86_64-centos9-gcc11-opt/etc/fonts/fonts.conf ']'
++++++++ export FONTCONFIG_PATH=/cvmfs/sft.cern.ch/lcg/views/LCG_102a/x86_64-centos9-gcc11-opt/etc/fonts
++++++++ FONTCONFIG_PATH=/cvmfs/sft.cern.ch/lcg/views/LCG_102a/x86_64-centos9-gcc11-opt/etc/fonts
++++++++ '[' -d /cvmfs/sft.cern.ch/lcg/views/LCG_102a/x86_64-centos9-gcc11-opt/lib/python3.9/site-packages/tensorflow_core ']'
++++++++ '[' -d /cvmfs/sft.cern.ch/lcg/views/LCG_102a/x86_64-centos9-gcc11-opt/lib/python3.9/site-packages/tensorflow ']'
++++++++ export LD_LIBRARY_PATH=/cvmfs/sft.cern.ch/lcg/views/LCG_102a/x86_64-centos9-gcc11-opt/lib/python3.9/site-packages/tensorflow:/cvmfs/sft.cern.ch/lcg/views/LCG_102a/x86_64-centos9-gcc11-opt/lib/python3.9/site-packages/tensorflow/contrib/tensor_forest:/cvmfs/sft.cern.ch/lcg/views/LCG_102a/x86_64-centos9-gcc11-opt/lib/python3.9/site-packages/tensorflow/python/framework:/cvmfs/sft.cern.ch/lcg/releases/java/8u312-80070/x86_64-centos9-gcc11-opt/jre/lib/amd64:/cvmfs/sft.cern.ch/lcg/views/LCG_102a/x86_64-centos9-gcc11-opt/lib64:/cvmfs/sft.cern.ch/lcg/views/LCG_102a/x86_64-centos9-gcc11-opt/lib:/cvmfs/sft.cern.ch/lcg/releases/gcc/11.3.0-ad0f5/x86_64-centos9/lib:/cvmfs/sft.cern.ch/lcg/releases/gcc/11.3.0-ad0f5/x86_64-centos9/lib64:/cvmfs/sft.cern.ch/lcg/releases/binutils/2.37-355ed/x86_64-centos9/lib:/cvmfs/sft.cern.ch/lcg/releases/R/4.1.2-7ed8f/x86_64-centos9-gcc11-opt/lib64/R/library/readr/rcon
++++++++ LD_LIBRARY_PATH=/cvmfs/sft.cern.ch/lcg/views/LCG_102a/x86_64-centos9-gcc11-opt/lib/python3.9/site-packages/tensorflow:/cvmfs/sft.cern.ch/lcg/views/LCG_102a/x86_64-centos9-gcc11-opt/lib/python3.9/site-packages/tensorflow/contrib/tensor_forest:/cvmfs/sft.cern.ch/lcg/views/LCG_102a/x86_64-centos9-gcc11-opt/lib/python3.9/site-packages/tensorflow/python/framework:/cvmfs/sft.cern.ch/lcg/releases/java/8u312-80070/x86_64-centos9-gcc11-opt/jre/lib/amd64:/cvmfs/sft.cern.ch/lcg/views/LCG_102a/x86_64-centos9-gcc11-opt/lib64:/cvmfs/sft.cern.ch/lcg/views/LCG_102a/x86_64-centos9-gcc11-opt/lib:/cvmfs/sft.cern.ch/lcg/releases/gcc/11.3.0-ad0f5/x86_64-centos9/lib:/cvmfs/sft.cern.ch/lcg/releases/gcc/11.3.0-ad0f5/x86_64-centos9/lib64:/cvmfs/sft.cern.ch/lcg/releases/binutils/2.37-355ed/x86_64-centos9/lib:/cvmfs/sft.cern.ch/lcg/releases/R/4.1.2-7ed8f/x86_64-centos9-gcc11-opt/lib64/R/library/readr/rcon
++++++++ '[' -f /cvmfs/sft.cern.ch/lcg/views/LCG_102a/x86_64-centos9-gcc11-opt/lib/python3.9/site-packages/onnxruntime/capi/libonnxruntime_providers_shared.so ']'
++++++++ export LD_LIBRARY_PATH=/cvmfs/sft.cern.ch/lcg/views/LCG_102a/x86_64-centos9-gcc11-opt/lib/python3.9/site-packages/onnxruntime/capi/:/cvmfs/sft.cern.ch/lcg/views/LCG_102a/x86_64-centos9-gcc11-opt/lib/python3.9/site-packages/tensorflow:/cvmfs/sft.cern.ch/lcg/views/LCG_102a/x86_64-centos9-gcc11-opt/lib/python3.9/site-packages/tensorflow/contrib/tensor_forest:/cvmfs/sft.cern.ch/lcg/views/LCG_102a/x86_64-centos9-gcc11-opt/lib/python3.9/site-packages/tensorflow/python/framework:/cvmfs/sft.cern.ch/lcg/releases/java/8u312-80070/x86_64-centos9-gcc11-opt/jre/lib/amd64:/cvmfs/sft.cern.ch/lcg/views/LCG_102a/x86_64-centos9-gcc11-opt/lib64:/cvmfs/sft.cern.ch/lcg/views/LCG_102a/x86_64-centos9-gcc11-opt/lib:/cvmfs/sft.cern.ch/lcg/releases/gcc/11.3.0-ad0f5/x86_64-centos9/lib:/cvmfs/sft.cern.ch/lcg/releases/gcc/11.3.0-ad0f5/x86_64-centos9/lib64:/cvmfs/sft.cern.ch/lcg/releases/binutils/2.37-355ed/x86_64-centos9/lib:/cvmfs/sft.cern.ch/lcg/releases/R/4.1.2-7ed8f/x86_64-centos9-gcc11-opt/lib64/R/library/readr/rcon
++++++++ LD_LIBRARY_PATH=/cvmfs/sft.cern.ch/lcg/views/LCG_102a/x86_64-centos9-gcc11-opt/lib/python3.9/site-packages/onnxruntime/capi/:/cvmfs/sft.cern.ch/lcg/views/LCG_102a/x86_64-centos9-gcc11-opt/lib/python3.9/site-packages/tensorflow:/cvmfs/sft.cern.ch/lcg/views/LCG_102a/x86_64-centos9-gcc11-opt/lib/python3.9/site-packages/tensorflow/contrib/tensor_forest:/cvmfs/sft.cern.ch/lcg/views/LCG_102a/x86_64-centos9-gcc11-opt/lib/python3.9/site-packages/tensorflow/python/framework:/cvmfs/sft.cern.ch/lcg/releases/java/8u312-80070/x86_64-centos9-gcc11-opt/jre/lib/amd64:/cvmfs/sft.cern.ch/lcg/views/LCG_102a/x86_64-centos9-gcc11-opt/lib64:/cvmfs/sft.cern.ch/lcg/views/LCG_102a/x86_64-centos9-gcc11-opt/lib:/cvmfs/sft.cern.ch/lcg/releases/gcc/11.3.0-ad0f5/x86_64-centos9/lib:/cvmfs/sft.cern.ch/lcg/releases/gcc/11.3.0-ad0f5/x86_64-centos9/lib64:/cvmfs/sft.cern.ch/lcg/releases/binutils/2.37-355ed/x86_64-centos9/lib:/cvmfs/sft.cern.ch/lcg/releases/R/4.1.2-7ed8f/x86_64-centos9-gcc11-opt/lib64/R/library/readr/rcon
++++++++ '[' -d /cvmfs/sft.cern.ch/lcg/views/LCG_102a/x86_64-centos9-gcc11-opt/lib/python3.9/site-packages/itk ']'
++++++++ export PYTHONPATH=/cvmfs/sft.cern.ch/lcg/views/LCG_102a/x86_64-centos9-gcc11-opt/lib/python3.9/site-packages/itk:/cvmfs/sft.cern.ch/lcg/views/LCG_102a/x86_64-centos9-gcc11-opt/python:/cvmfs/sft.cern.ch/lcg/views/LCG_102a/x86_64-centos9-gcc11-opt/lib:/cvmfs/sft.cern.ch/lcg/views/LCG_102a/x86_64-centos9-gcc11-opt/lib/python3.9/site-packages
++++++++ PYTHONPATH=/cvmfs/sft.cern.ch/lcg/views/LCG_102a/x86_64-centos9-gcc11-opt/lib/python3.9/site-packages/itk:/cvmfs/sft.cern.ch/lcg/views/LCG_102a/x86_64-centos9-gcc11-opt/python:/cvmfs/sft.cern.ch/lcg/views/LCG_102a/x86_64-centos9-gcc11-opt/lib:/cvmfs/sft.cern.ch/lcg/views/LCG_102a/x86_64-centos9-gcc11-opt/lib/python3.9/site-packages
++++++++ '[' -z '' ']'
++++++++ export PKG_CONFIG_PATH=/cvmfs/sft.cern.ch/lcg/views/LCG_102a/x86_64-centos9-gcc11-opt/lib/pkgconfig
++++++++ PKG_CONFIG_PATH=/cvmfs/sft.cern.ch/lcg/views/LCG_102a/x86_64-centos9-gcc11-opt/lib/pkgconfig
++++++++ '[' -d /cvmfs/sft.cern.ch/lcg/views/LCG_102a/x86_64-centos9-gcc11-opt/lib64/pkgconfig ']'
++++++++ PKG_CONFIG_PATH=/cvmfs/sft.cern.ch/lcg/views/LCG_102a/x86_64-centos9-gcc11-opt/lib64/pkgconfig:/cvmfs/sft.cern.ch/lcg/views/LCG_102a/x86_64-centos9-gcc11-opt/lib/pkgconfig
++++++++ export PKG_CONFIG_PATH
++++++++ '[' -d /cvmfs/sft.cern.ch/lcg/views/LCG_102a/x86_64-centos9-gcc11-opt/share/swig ']'
+++++++++ ls -1 /cvmfs/sft.cern.ch/lcg/views/LCG_102a/x86_64-centos9-gcc11-opt/share/swig
+++++++++ head -1
++++++++ export SWIG_LIB=/cvmfs/sft.cern.ch/lcg/views/LCG_102a/x86_64-centos9-gcc11-opt/share/swig/4.0.2
++++++++ SWIG_LIB=/cvmfs/sft.cern.ch/lcg/views/LCG_102a/x86_64-centos9-gcc11-opt/share/swig/4.0.2
++++++++ '[' -x /cvmfs/sft.cern.ch/lcg/views/LCG_102a/x86_64-centos9-gcc11-opt/bin/nvcc ']'
++++++++ '[' -f /cvmfs/sft.cern.ch/lcg/views/LCG_102a/x86_64-centos9-gcc11-opt/lib/cmake/Garfield/GarfieldConfig.cmake ']'
++++++++ '[' -d /cvmfs/sft.cern.ch/lcg/views/LCG_102a/x86_64-centos9-gcc11-opt/lib/python3.9/site-packages/torch ']'
++++++++ export LD_LIBRARY_PATH=/cvmfs/sft.cern.ch/lcg/views/LCG_102a/x86_64-centos9-gcc11-opt/lib/python3.9/site-packages/torch/lib:/cvmfs/sft.cern.ch/lcg/views/LCG_102a/x86_64-centos9-gcc11-opt/lib/python3.9/site-packages/onnxruntime/capi/:/cvmfs/sft.cern.ch/lcg/views/LCG_102a/x86_64-centos9-gcc11-opt/lib/python3.9/site-packages/tensorflow:/cvmfs/sft.cern.ch/lcg/views/LCG_102a/x86_64-centos9-gcc11-opt/lib/python3.9/site-packages/tensorflow/contrib/tensor_forest:/cvmfs/sft.cern.ch/lcg/views/LCG_102a/x86_64-centos9-gcc11-opt/lib/python3.9/site-packages/tensorflow/python/framework:/cvmfs/sft.cern.ch/lcg/releases/java/8u312-80070/x86_64-centos9-gcc11-opt/jre/lib/amd64:/cvmfs/sft.cern.ch/lcg/views/LCG_102a/x86_64-centos9-gcc11-opt/lib64:/cvmfs/sft.cern.ch/lcg/views/LCG_102a/x86_64-centos9-gcc11-opt/lib:/cvmfs/sft.cern.ch/lcg/releases/gcc/11.3.0-ad0f5/x86_64-centos9/lib:/cvmfs/sft.cern.ch/lcg/releases/gcc/11.3.0-ad0f5/x86_64-centos9/lib64:/cvmfs/sft.cern.ch/lcg/releases/binutils/2.37-355ed/x86_64-centos9/lib:/cvmfs/sft.cern.ch/lcg/releases/R/4.1.2-7ed8f/x86_64-centos9-gcc11-opt/lib64/R/library/readr/rcon
++++++++ LD_LIBRARY_PATH=/cvmfs/sft.cern.ch/lcg/views/LCG_102a/x86_64-centos9-gcc11-opt/lib/python3.9/site-packages/torch/lib:/cvmfs/sft.cern.ch/lcg/views/LCG_102a/x86_64-centos9-gcc11-opt/lib/python3.9/site-packages/onnxruntime/capi/:/cvmfs/sft.cern.ch/lcg/views/LCG_102a/x86_64-centos9-gcc11-opt/lib/python3.9/site-packages/tensorflow:/cvmfs/sft.cern.ch/lcg/views/LCG_102a/x86_64-centos9-gcc11-opt/lib/python3.9/site-packages/tensorflow/contrib/tensor_forest:/cvmfs/sft.cern.ch/lcg/views/LCG_102a/x86_64-centos9-gcc11-opt/lib/python3.9/site-packages/tensorflow/python/framework:/cvmfs/sft.cern.ch/lcg/releases/java/8u312-80070/x86_64-centos9-gcc11-opt/jre/lib/amd64:/cvmfs/sft.cern.ch/lcg/views/LCG_102a/x86_64-centos9-gcc11-opt/lib64:/cvmfs/sft.cern.ch/lcg/views/LCG_102a/x86_64-centos9-gcc11-opt/lib:/cvmfs/sft.cern.ch/lcg/releases/gcc/11.3.0-ad0f5/x86_64-centos9/lib:/cvmfs/sft.cern.ch/lcg/releases/gcc/11.3.0-ad0f5/x86_64-centos9/lib64:/cvmfs/sft.cern.ch/lcg/releases/binutils/2.37-355ed/x86_64-centos9/lib:/cvmfs/sft.cern.ch/lcg/releases/R/4.1.2-7ed8f/x86_64-centos9-gcc11-opt/lib64/R/library/readr/rcon
++++++++ '[' -d /cvmfs/sft.cern.ch/lcg/views/LCG_102a/x86_64-centos9-gcc11-opt/lib/python3.9/site-packages/jaxlib ']'
++++++++ export LD_LIBRARY_PATH=/cvmfs/sft.cern.ch/lcg/views/LCG_102a/x86_64-centos9-gcc11-opt/lib/python3.9/site-packages/jaxlib/mlir/_mlir_libs:/cvmfs/sft.cern.ch/lcg/views/LCG_102a/x86_64-centos9-gcc11-opt/lib/python3.9/site-packages/torch/lib:/cvmfs/sft.cern.ch/lcg/views/LCG_102a/x86_64-centos9-gcc11-opt/lib/python3.9/site-packages/onnxruntime/capi/:/cvmfs/sft.cern.ch/lcg/views/LCG_102a/x86_64-centos9-gcc11-opt/lib/python3.9/site-packages/tensorflow:/cvmfs/sft.cern.ch/lcg/views/LCG_102a/x86_64-centos9-gcc11-opt/lib/python3.9/site-packages/tensorflow/contrib/tensor_forest:/cvmfs/sft.cern.ch/lcg/views/LCG_102a/x86_64-centos9-gcc11-opt/lib/python3.9/site-packages/tensorflow/python/framework:/cvmfs/sft.cern.ch/lcg/releases/java/8u312-80070/x86_64-centos9-gcc11-opt/jre/lib/amd64:/cvmfs/sft.cern.ch/lcg/views/LCG_102a/x86_64-centos9-gcc11-opt/lib64:/cvmfs/sft.cern.ch/lcg/views/LCG_102a/x86_64-centos9-gcc11-opt/lib:/cvmfs/sft.cern.ch/lcg/releases/gcc/11.3.0-ad0f5/x86_64-centos9/lib:/cvmfs/sft.cern.ch/lcg/releases/gcc/11.3.0-ad0f5/x86_64-centos9/lib64:/cvmfs/sft.cern.ch/lcg/releases/binutils/2.37-355ed/x86_64-centos9/lib:/cvmfs/sft.cern.ch/lcg/releases/R/4.1.2-7ed8f/x86_64-centos9-gcc11-opt/lib64/R/library/readr/rcon
++++++++ LD_LIBRARY_PATH=/cvmfs/sft.cern.ch/lcg/views/LCG_102a/x86_64-centos9-gcc11-opt/lib/python3.9/site-packages/jaxlib/mlir/_mlir_libs:/cvmfs/sft.cern.ch/lcg/views/LCG_102a/x86_64-centos9-gcc11-opt/lib/python3.9/site-packages/torch/lib:/cvmfs/sft.cern.ch/lcg/views/LCG_102a/x86_64-centos9-gcc11-opt/lib/python3.9/site-packages/onnxruntime/capi/:/cvmfs/sft.cern.ch/lcg/views/LCG_102a/x86_64-centos9-gcc11-opt/lib/python3.9/site-packages/tensorflow:/cvmfs/sft.cern.ch/lcg/views/LCG_102a/x86_64-centos9-gcc11-opt/lib/python3.9/site-packages/tensorflow/contrib/tensor_forest:/cvmfs/sft.cern.ch/lcg/views/LCG_102a/x86_64-centos9-gcc11-opt/lib/python3.9/site-packages/tensorflow/python/framework:/cvmfs/sft.cern.ch/lcg/releases/java/8u312-80070/x86_64-centos9-gcc11-opt/jre/lib/amd64:/cvmfs/sft.cern.ch/lcg/views/LCG_102a/x86_64-centos9-gcc11-opt/lib64:/cvmfs/sft.cern.ch/lcg/views/LCG_102a/x86_64-centos9-gcc11-opt/lib:/cvmfs/sft.cern.ch/lcg/releases/gcc/11.3.0-ad0f5/x86_64-centos9/lib:/cvmfs/sft.cern.ch/lcg/releases/gcc/11.3.0-ad0f5/x86_64-centos9/lib64:/cvmfs/sft.cern.ch/lcg/releases/binutils/2.37-355ed/x86_64-centos9/lib:/cvmfs/sft.cern.ch/lcg/releases/R/4.1.2-7ed8f/x86_64-centos9-gcc11-opt/lib64/R/library/readr/rcon
++++++++ '[' -f /cvmfs/sft.cern.ch/lcg/views/LCG_102a/x86_64-centos9-gcc11-opt/python/pylcio.py ']'
++++++++ export LCIO=/cvmfs/sft.cern.ch/lcg/views/LCG_102a/x86_64-centos9-gcc11-opt
++++++++ LCIO=/cvmfs/sft.cern.ch/lcg/views/LCG_102a/x86_64-centos9-gcc11-opt
++++++++ '[' -f /cvmfs/sft.cern.ch/lcg/views/LCG_102a/x86_64-centos9-gcc11-opt/lib/libUniGen.so ']'
++++++++ '[' -f /cvmfs/sft.cern.ch/lcg/views/LCG_102a/x86_64-centos9-gcc11-opt/bin/mariadb_config ']'
+++++++++++ readlink /cvmfs/sft.cern.ch/lcg/views/LCG_102a/x86_64-centos9-gcc11-opt/bin/mariadb_config
++++++++++ dirname /cvmfs/sft.cern.ch/lcg/releases/mysql/10.5.13-7d566/x86_64-centos9-gcc11-opt/bin/mariadb_config
+++++++++ dirname /cvmfs/sft.cern.ch/lcg/releases/mysql/10.5.13-7d566/x86_64-centos9-gcc11-opt/bin
++++++++ export MYSQL_HOME=/cvmfs/sft.cern.ch/lcg/releases/mysql/10.5.13-7d566/x86_64-centos9-gcc11-opt
++++++++ MYSQL_HOME=/cvmfs/sft.cern.ch/lcg/releases/mysql/10.5.13-7d566/x86_64-centos9-gcc11-opt
++++++++ '[' -d /cvmfs/sft.cern.ch/lcg/views/LCG_102a/x86_64-centos9-gcc11-opt/bin/ant ']'
++++++++ '[' -x /cvmfs/sft.cern.ch/lcg/views/LCG_102a/x86_64-centos9-gcc11-opt/lib/libopenloops.so ']'
+++++++++++ readlink /cvmfs/sft.cern.ch/lcg/views/LCG_102a/x86_64-centos9-gcc11-opt/lib/libopenloops.so
++++++++++ dirname /cvmfs/sft.cern.ch/lcg/releases/MCGenerators/openloops/2.1.2-8fff2/x86_64-centos9-gcc11-opt/lib/libopenloops.so
+++++++++ dirname /cvmfs/sft.cern.ch/lcg/releases/MCGenerators/openloops/2.1.2-8fff2/x86_64-centos9-gcc11-opt/lib
++++++++ OL_PROCLIB_PATH=/cvmfs/sft.cern.ch/lcg/releases/MCGenerators/openloops/2.1.2-8fff2/x86_64-centos9-gcc11-opt
++++++++ export OL_PROCLIB_PATH
+++++++++++ readlink /cvmfs/sft.cern.ch/lcg/views/LCG_102a/x86_64-centos9-gcc11-opt/lib/libopenloops.so
++++++++++ dirname /cvmfs/sft.cern.ch/lcg/releases/MCGenerators/openloops/2.1.2-8fff2/x86_64-centos9-gcc11-opt/lib/libopenloops.so
+++++++++ dirname /cvmfs/sft.cern.ch/lcg/releases/MCGenerators/openloops/2.1.2-8fff2/x86_64-centos9-gcc11-opt/lib
++++++++ OpenLoopsPath=/cvmfs/sft.cern.ch/lcg/releases/MCGenerators/openloops/2.1.2-8fff2/x86_64-centos9-gcc11-opt
++++++++ export OpenLoopsPath
++++++++ '[' -f /cvmfs/sft.cern.ch/lcg/views/LCG_102a/x86_64-centos9-gcc11-opt/bin/Herwig ']'
+++++++++++ readlink /cvmfs/sft.cern.ch/lcg/views/LCG_102a/x86_64-centos9-gcc11-opt/bin/Herwig
++++++++++ dirname /cvmfs/sft.cern.ch/lcg/releases/MCGenerators/herwig++/7.2.3-33079/x86_64-centos9-gcc11-opt/bin/Herwig
+++++++++ dirname /cvmfs/sft.cern.ch/lcg/releases/MCGenerators/herwig++/7.2.3-33079/x86_64-centos9-gcc11-opt/bin
++++++++ HERWIGAPI_PATH=/cvmfs/sft.cern.ch/lcg/releases/MCGenerators/herwig++/7.2.3-33079/x86_64-centos9-gcc11-opt/lib/Herwig
++++++++ export LD_LIBRARY_PATH=/cvmfs/sft.cern.ch/lcg/releases/MCGenerators/herwig++/7.2.3-33079/x86_64-centos9-gcc11-opt/lib/Herwig:/cvmfs/sft.cern.ch/lcg/views/LCG_102a/x86_64-centos9-gcc11-opt/lib/python3.9/site-packages/jaxlib/mlir/_mlir_libs:/cvmfs/sft.cern.ch/lcg/views/LCG_102a/x86_64-centos9-gcc11-opt/lib/python3.9/site-packages/torch/lib:/cvmfs/sft.cern.ch/lcg/views/LCG_102a/x86_64-centos9-gcc11-opt/lib/python3.9/site-packages/onnxruntime/capi/:/cvmfs/sft.cern.ch/lcg/views/LCG_102a/x86_64-centos9-gcc11-opt/lib/python3.9/site-packages/tensorflow:/cvmfs/sft.cern.ch/lcg/views/LCG_102a/x86_64-centos9-gcc11-opt/lib/python3.9/site-packages/tensorflow/contrib/tensor_forest:/cvmfs/sft.cern.ch/lcg/views/LCG_102a/x86_64-centos9-gcc11-opt/lib/python3.9/site-packages/tensorflow/python/framework:/cvmfs/sft.cern.ch/lcg/releases/java/8u312-80070/x86_64-centos9-gcc11-opt/jre/lib/amd64:/cvmfs/sft.cern.ch/lcg/views/LCG_102a/x86_64-centos9-gcc11-opt/lib64:/cvmfs/sft.cern.ch/lcg/views/LCG_102a/x86_64-centos9-gcc11-opt/lib:/cvmfs/sft.cern.ch/lcg/releases/gcc/11.3.0-ad0f5/x86_64-centos9/lib:/cvmfs/sft.cern.ch/lcg/releases/gcc/11.3.0-ad0f5/x86_64-centos9/lib64:/cvmfs/sft.cern.ch/lcg/releases/binutils/2.37-355ed/x86_64-centos9/lib:/cvmfs/sft.cern.ch/lcg/releases/R/4.1.2-7ed8f/x86_64-centos9-gcc11-opt/lib64/R/library/readr/rcon
++++++++ LD_LIBRARY_PATH=/cvmfs/sft.cern.ch/lcg/releases/MCGenerators/herwig++/7.2.3-33079/x86_64-centos9-gcc11-opt/lib/Herwig:/cvmfs/sft.cern.ch/lcg/views/LCG_102a/x86_64-centos9-gcc11-opt/lib/python3.9/site-packages/jaxlib/mlir/_mlir_libs:/cvmfs/sft.cern.ch/lcg/views/LCG_102a/x86_64-centos9-gcc11-opt/lib/python3.9/site-packages/torch/lib:/cvmfs/sft.cern.ch/lcg/views/LCG_102a/x86_64-centos9-gcc11-opt/lib/python3.9/site-packages/onnxruntime/capi/:/cvmfs/sft.cern.ch/lcg/views/LCG_102a/x86_64-centos9-gcc11-opt/lib/python3.9/site-packages/tensorflow:/cvmfs/sft.cern.ch/lcg/views/LCG_102a/x86_64-centos9-gcc11-opt/lib/python3.9/site-packages/tensorflow/contrib/tensor_forest:/cvmfs/sft.cern.ch/lcg/views/LCG_102a/x86_64-centos9-gcc11-opt/lib/python3.9/site-packages/tensorflow/python/framework:/cvmfs/sft.cern.ch/lcg/releases/java/8u312-80070/x86_64-centos9-gcc11-opt/jre/lib/amd64:/cvmfs/sft.cern.ch/lcg/views/LCG_102a/x86_64-centos9-gcc11-opt/lib64:/cvmfs/sft.cern.ch/lcg/views/LCG_102a/x86_64-centos9-gcc11-opt/lib:/cvmfs/sft.cern.ch/lcg/releases/gcc/11.3.0-ad0f5/x86_64-centos9/lib:/cvmfs/sft.cern.ch/lcg/releases/gcc/11.3.0-ad0f5/x86_64-centos9/lib64:/cvmfs/sft.cern.ch/lcg/releases/binutils/2.37-355ed/x86_64-centos9/lib:/cvmfs/sft.cern.ch/lcg/releases/R/4.1.2-7ed8f/x86_64-centos9-gcc11-opt/lib64/R/library/readr/rcon
++++++++ '[' -f /cvmfs/sft.cern.ch/lcg/views/LCG_102a/x86_64-centos9-gcc11-opt/bin/runThePEG ']'
+++++++++++ readlink /cvmfs/sft.cern.ch/lcg/views/LCG_102a/x86_64-centos9-gcc11-opt/bin/runThePEG
++++++++++ dirname /cvmfs/sft.cern.ch/lcg/releases/MCGenerators/thepeg/2.2.3-0357d/x86_64-centos9-gcc11-opt/bin/runThePEG
+++++++++ dirname /cvmfs/sft.cern.ch/lcg/releases/MCGenerators/thepeg/2.2.3-0357d/x86_64-centos9-gcc11-opt/bin
++++++++ THEPEGLIB_PATH=/cvmfs/sft.cern.ch/lcg/releases/MCGenerators/thepeg/2.2.3-0357d/x86_64-centos9-gcc11-opt/lib/ThePEG
++++++++ export LD_LIBRARY_PATH=/cvmfs/sft.cern.ch/lcg/releases/MCGenerators/thepeg/2.2.3-0357d/x86_64-centos9-gcc11-opt/lib/ThePEG:/cvmfs/sft.cern.ch/lcg/releases/MCGenerators/herwig++/7.2.3-33079/x86_64-centos9-gcc11-opt/lib/Herwig:/cvmfs/sft.cern.ch/lcg/views/LCG_102a/x86_64-centos9-gcc11-opt/lib/python3.9/site-packages/jaxlib/mlir/_mlir_libs:/cvmfs/sft.cern.ch/lcg/views/LCG_102a/x86_64-centos9-gcc11-opt/lib/python3.9/site-packages/torch/lib:/cvmfs/sft.cern.ch/lcg/views/LCG_102a/x86_64-centos9-gcc11-opt/lib/python3.9/site-packages/onnxruntime/capi/:/cvmfs/sft.cern.ch/lcg/views/LCG_102a/x86_64-centos9-gcc11-opt/lib/python3.9/site-packages/tensorflow:/cvmfs/sft.cern.ch/lcg/views/LCG_102a/x86_64-centos9-gcc11-opt/lib/python3.9/site-packages/tensorflow/contrib/tensor_forest:/cvmfs/sft.cern.ch/lcg/views/LCG_102a/x86_64-centos9-gcc11-opt/lib/python3.9/site-packages/tensorflow/python/framework:/cvmfs/sft.cern.ch/lcg/releases/java/8u312-80070/x86_64-centos9-gcc11-opt/jre/lib/amd64:/cvmfs/sft.cern.ch/lcg/views/LCG_102a/x86_64-centos9-gcc11-opt/lib64:/cvmfs/sft.cern.ch/lcg/views/LCG_102a/x86_64-centos9-gcc11-opt/lib:/cvmfs/sft.cern.ch/lcg/releases/gcc/11.3.0-ad0f5/x86_64-centos9/lib:/cvmfs/sft.cern.ch/lcg/releases/gcc/11.3.0-ad0f5/x86_64-centos9/lib64:/cvmfs/sft.cern.ch/lcg/releases/binutils/2.37-355ed/x86_64-centos9/lib:/cvmfs/sft.cern.ch/lcg/releases/R/4.1.2-7ed8f/x86_64-centos9-gcc11-opt/lib64/R/library/readr/rcon
++++++++ LD_LIBRARY_PATH=/cvmfs/sft.cern.ch/lcg/releases/MCGenerators/thepeg/2.2.3-0357d/x86_64-centos9-gcc11-opt/lib/ThePEG:/cvmfs/sft.cern.ch/lcg/releases/MCGenerators/herwig++/7.2.3-33079/x86_64-centos9-gcc11-opt/lib/Herwig:/cvmfs/sft.cern.ch/lcg/views/LCG_102a/x86_64-centos9-gcc11-opt/lib/python3.9/site-packages/jaxlib/mlir/_mlir_libs:/cvmfs/sft.cern.ch/lcg/views/LCG_102a/x86_64-centos9-gcc11-opt/lib/python3.9/site-packages/torch/lib:/cvmfs/sft.cern.ch/lcg/views/LCG_102a/x86_64-centos9-gcc11-opt/lib/python3.9/site-packages/onnxruntime/capi/:/cvmfs/sft.cern.ch/lcg/views/LCG_102a/x86_64-centos9-gcc11-opt/lib/python3.9/site-packages/tensorflow:/cvmfs/sft.cern.ch/lcg/views/LCG_102a/x86_64-centos9-gcc11-opt/lib/python3.9/site-packages/tensorflow/contrib/tensor_forest:/cvmfs/sft.cern.ch/lcg/views/LCG_102a/x86_64-centos9-gcc11-opt/lib/python3.9/site-packages/tensorflow/python/framework:/cvmfs/sft.cern.ch/lcg/releases/java/8u312-80070/x86_64-centos9-gcc11-opt/jre/lib/amd64:/cvmfs/sft.cern.ch/lcg/views/LCG_102a/x86_64-centos9-gcc11-opt/lib64:/cvmfs/sft.cern.ch/lcg/views/LCG_102a/x86_64-centos9-gcc11-opt/lib:/cvmfs/sft.cern.ch/lcg/releases/gcc/11.3.0-ad0f5/x86_64-centos9/lib:/cvmfs/sft.cern.ch/lcg/releases/gcc/11.3.0-ad0f5/x86_64-centos9/lib64:/cvmfs/sft.cern.ch/lcg/releases/binutils/2.37-355ed/x86_64-centos9/lib:/cvmfs/sft.cern.ch/lcg/releases/R/4.1.2-7ed8f/x86_64-centos9-gcc11-opt/lib64/R/library/readr/rcon
++++++++ '[' -f /cvmfs/sft.cern.ch/lcg/views/LCG_102a/x86_64-centos9-gcc11-opt/bin/git ']'
+++++++++++ readlink /cvmfs/sft.cern.ch/lcg/views/LCG_102a/x86_64-centos9-gcc11-opt/bin/git
++++++++++ dirname /cvmfs/sft.cern.ch/lcg/releases/git/2.29.2-4ef3f/x86_64-centos9-gcc11-opt/bin/git
+++++++++ dirname /cvmfs/sft.cern.ch/lcg/releases/git/2.29.2-4ef3f/x86_64-centos9-gcc11-opt/bin
++++++++ export GIT_EXEC_PATH=/cvmfs/sft.cern.ch/lcg/releases/git/2.29.2-4ef3f/x86_64-centos9-gcc11-opt/libexec/git-core
++++++++ GIT_EXEC_PATH=/cvmfs/sft.cern.ch/lcg/releases/git/2.29.2-4ef3f/x86_64-centos9-gcc11-opt/libexec/git-core
++++++++ '[' -f /cvmfs/sft.cern.ch/lcg/views/LCG_102a/x86_64-centos9-gcc11-opt/bin/mpirun ']'
+++++++++++ readlink /cvmfs/sft.cern.ch/lcg/views/LCG_102a/x86_64-centos9-gcc11-opt/bin/mpirun
++++++++++ dirname /cvmfs/sft.cern.ch/lcg/releases/openmpi/4.1.2-b542c/x86_64-centos9-gcc11-opt/bin/mpirun
+++++++++ dirname /cvmfs/sft.cern.ch/lcg/releases/openmpi/4.1.2-b542c/x86_64-centos9-gcc11-opt/bin
++++++++ export OPAL_PREFIX=/cvmfs/sft.cern.ch/lcg/releases/openmpi/4.1.2-b542c/x86_64-centos9-gcc11-opt
++++++++ OPAL_PREFIX=/cvmfs/sft.cern.ch/lcg/releases/openmpi/4.1.2-b542c/x86_64-centos9-gcc11-opt
++++++++ '[' -x /cvmfs/sft.cern.ch/lcg/views/LCG_102a/x86_64-centos9-gcc11-opt/bin/clhep-config ']'
+++++++++ /cvmfs/sft.cern.ch/lcg/views/LCG_102a/x86_64-centos9-gcc11-opt/bin/clhep-config --version
+++++++++ sed 's/ /-/g'
++++++++ __dir=CLHEP-2.4.5.1
++++++++ '[' -d /cvmfs/sft.cern.ch/lcg/views/LCG_102a/x86_64-centos9-gcc11-opt/lib/libCLHEP.so ']'
++++++++ '[' -x /cvmfs/sft.cern.ch/lcg/views/LCG_102a/x86_64-centos9-gcc11-opt/bin/ddsim ']'
+++++++++++ readlink /cvmfs/sft.cern.ch/lcg/views/LCG_102a/x86_64-centos9-gcc11-opt/bin/ddsim
++++++++++ dirname /cvmfs/sft.cern.ch/lcg/releases/DD4hep/01.23-f9002/x86_64-centos9-gcc11-opt/bin/ddsim
+++++++++ dirname /cvmfs/sft.cern.ch/lcg/releases/DD4hep/01.23-f9002/x86_64-centos9-gcc11-opt/bin
++++++++ DD4hepINSTALL=/cvmfs/sft.cern.ch/lcg/releases/DD4hep/01.23-f9002/x86_64-centos9-gcc11-opt
++++++++ export DD4hepINSTALL
++++++++ '[' -d /cvmfs/sft.cern.ch/lcg/views/LCG_102a/x86_64-centos9-gcc11-opt/lib/julia ']'
+++++++++ find /cvmfs/sft.cern.ch/lcg/views/LCG_102a/x86_64-centos9-gcc11-opt/share/julia/environments -maxdepth 1 -type d -name 'v*'
++++++++ __julia_proj_dir=/cvmfs/sft.cern.ch/lcg/views/LCG_102a/x86_64-centos9-gcc11-opt/share/julia/environments/v1.7
++++++++ JULIA_LOAD_PATH=:/cvmfs/sft.cern.ch/lcg/views/LCG_102a/x86_64-centos9-gcc11-opt/share/julia/environments/v1.7
++++++++ export JULIA_LOAD_PATH
++++++++ JULIA_DEPOT_PATH=:/cvmfs/sft.cern.ch/lcg/views/LCG_102a/x86_64-centos9-gcc11-opt/share/julia
++++++++ export JULIA_DEPOT_PATH
++++++++ JULIA_PROJECT=/afs/cern.ch/user/t/tofitsch/.julia/environments/v1.7/
++++++++ export JULIA_PROJECT
++++++++ '[' -d /cvmfs/sft.cern.ch/lcg/views/LCG_102a/x86_64-centos9-gcc11-opt/nxcals/nxcals_java ']'
++++++++ '[' -x /cvmfs/sft.cern.ch/lcg/views/LCG_102a/x86_64-centos9-gcc11-opt/bin/condor_status ']'
++++++++ '[' -d /cvmfs/sft.cern.ch/lcg/views/LCG_102a/x86_64-centos9-gcc11-opt/share/LHAPDF/ ']'
++++++++++ readlink /cvmfs/sft.cern.ch/lcg/views/LCG_102a/x86_64-centos9-gcc11-opt/share/LHAPDF/lhapdf.conf
+++++++++ dirname /cvmfs/sft.cern.ch/lcg/releases/MCGenerators/lhapdf/6.5.1-389ee/x86_64-centos9-gcc11-opt/share/LHAPDF/lhapdf.conf
++++++++ export LHAPDF_DATA_PATH=/cvmfs/sft.cern.ch/lcg/external/lhapdfsets/current/:/cvmfs/sft.cern.ch/lcg/releases/MCGenerators/lhapdf/6.5.1-389ee/x86_64-centos9-gcc11-opt/share/LHAPDF:
++++++++ LHAPDF_DATA_PATH=/cvmfs/sft.cern.ch/lcg/external/lhapdfsets/current/:/cvmfs/sft.cern.ch/lcg/releases/MCGenerators/lhapdf/6.5.1-389ee/x86_64-centos9-gcc11-opt/share/LHAPDF:
+++++++ return 0
+++++ return 0
+++ '[' 0 -ne 0 ']'
+++ for alrb_pass in `seq 1 2`
+++ let alrb_lastPass=2
+++ export ALRB_clientShell=bash
+++ ALRB_clientShell=bash
++++ /cvmfs/atlas.cern.ch/repo/ATLASLocalRootBase/utilities/isGridSetup.sh
+++ alrb_gridType=none
+++ export ALRB_gridType=none
+++ ALRB_gridType=none
+++ '[' -z /tmp/tofitsch/tofitsch/.alrb/localSetup/ls.t914QY ']'
+++ '[' -e /tmp/tofitsch/tofitsch/.alrb/localSetup/ls.t914QY/finishedPass ']'
+++ continue
+++ '[' -e /tmp/tofitsch/tofitsch/.alrb/localSetup/ls.t914QY/postSetupScript.sh ']'
++++ source /cvmfs/atlas.cern.ch/repo/ATLASLocalRootBase/utilities/getCurrentEnv.sh
+++++ alrb_currentEnv=
+++++ for alrb_pyName in python python2 python3
++++++ type python
+++++ alrb_type='python is /cvmfs/sft.cern.ch/lcg/views/LCG_102a/x86_64-centos9-gcc11-opt/bin/python'
+++++ '[' 0 -eq 0 ']'
+++++ echo python is /cvmfs/sft.cern.ch/lcg/views/LCG_102a/x86_64-centos9-gcc11-opt/bin/python
+++++ grep -e alias
+++++ '[' 1 -eq 0 ']'
++++++ python -V
++++++ awk '{print $2}'
+++++ alrb_version=3.9.12
++++++ uname -m
+++++ alrb_exeArch=x86_64
+++++ alrb_currentEnv=';python:ver=3.9.12:arch=x86_64:'
+++++ for alrb_pyName in python python2 python3
++++++ type python2
+++++ alrb_type='/cvmfs/atlas.cern.ch/repo/ATLASLocalRootBase/utilities/getCurrentEnv.sh: line 20: type: python2: not found'
+++++ '[' 1 -eq 0 ']'
+++++ for alrb_pyName in python python2 python3
++++++ type python3
+++++ alrb_type='python3 is /cvmfs/sft.cern.ch/lcg/views/LCG_102a/x86_64-centos9-gcc11-opt/bin/python3'
+++++ '[' 0 -eq 0 ']'
+++++ echo python3 is /cvmfs/sft.cern.ch/lcg/views/LCG_102a/x86_64-centos9-gcc11-opt/bin/python3
+++++ grep -e alias
+++++ '[' 1 -eq 0 ']'
++++++ python3 -V
++++++ awk '{print $2}'
+++++ alrb_version=3.9.12
++++++ uname -m
+++++ alrb_exeArch=x86_64
+++++ alrb_currentEnv=';python:ver=3.9.12:arch=x86_64:;python3:ver=3.9.12:arch=x86_64:'
+++++ '[' Linux = MacOSX ']'
++++++ gcc -dumpversion
+++++ alrb_version=11.3.0
+++++ '[' 0 -eq 0 ']'
+++++ alrb_currentEnv=';python:ver=3.9.12:arch=x86_64:;python3:ver=3.9.12:arch=x86_64:;gcc:ver=11.3.0:'
+++++ echo ';python:ver=3.9.12:arch=x86_64:;python3:ver=3.9.12:arch=x86_64:;gcc:ver=11.3.0:;'
+++++ unset alrb_version alrb_type alrb_exeArch alrb_currentEnv alrb_pyName
+++++ return 0
+++ alrb_postSetupEnv=';python:ver=3.9.12:arch=x86_64:;python3:ver=3.9.12:arch=x86_64:;gcc:ver=11.3.0:;'
+++ '[' 0 -ne 0 ']'
+++ '[' '!' -z /cvmfs/sft.cern.ch/lcg/releases/java/8u312-80070/x86_64-centos9-gcc11-opt ']'
+++ '[' -e /cvmfs/sft.cern.ch/lcg/releases/java/8u312-80070/x86_64-centos9-gcc11-opt/bin/java ']'
+++ alrb_whichJava=/cvmfs/sft.cern.ch/lcg/releases/java/8u312-80070/x86_64-centos9-gcc11-opt/bin/java
+++ alrb_currentJavaVersion=
+++ '[' /cvmfs/sft.cern.ch/lcg/releases/java/8u312-80070/x86_64-centos9-gcc11-opt/bin/java '!=' '' ']'
++++ /cvmfs/sft.cern.ch/lcg/releases/java/8u312-80070/x86_64-centos9-gcc11-opt/bin/java -version
+++ alrb_tmpVal='openjdk version "1.8.0_312"
OpenJDK Runtime Environment (build 1.8.0_312-b07)
OpenJDK 64-Bit Server VM (build 25.312-b07, mixed mode)'
+++ '[' 0 -eq 0 ']'
++++ echo openjdk version '"1.8.0_312"' OpenJDK Runtime Environment '(build' '1.8.0_312-b07)' OpenJDK 64-Bit Server VM '(build' 25.312-b07, mixed 'mode)'
++++ grep -e 'openjdk version' -e 'java version'
++++ sed 's/.* version "\(.*\)".*/\1/g'
+++ alrb_currentJavaVersion=1.8.0_312
+++ source /tmp/tofitsch/tofitsch/.alrb/localSetup/ls.t914QY/postSetupScript.sh
++++ echo '>>>>>>>>>>>>>>>>>>>>>>>>> Information for user <<<<<<<<<<<<<<<<<<<<<<<<<'
>>>>>>>>>>>>>>>>>>>>>>>>> Information for user <<<<<<<<<<<<<<<<<<<<<<<<<
++++ alrb_Quiet=NO
++++ alrb_Force=NO
++++ alrb_SkipConfirm=NO
++++ ALRB_requestedVersions='views:LCG_102a:x86_64-centos9-gcc11-opt  rcsetup:00-04-18  acm:0.1.34 asetup:V03-01-31  '
++++ echo '************************************************************************'
************************************************************************
++++ unset alrb_Quiet alrb_SkipConfirm alrb_Force
+++ '[' 0 -ne 0 ']'
+++ export ALRB_requestedVersions
+++ rm -rf /tmp/tofitsch/tofitsch/.alrb/localSetup/ls.t914QY
+++ unset alrb_lsWorkdir alrb_lsWorkarea alrb_item alrb_tool alrb_toolVersion alrb_postSetupEnv alrb_preSetupEnv alrb_gridType alrb_whichJava alrb_pass alrb_lastPass alrb_rc alrb_tmpVal alrb_currentJavaVersion alrb_tmpValN
+++ return 0
++ return 0
++ lsetup cmake
++ source /cvmfs/atlas.cern.ch/repo/ATLASLocalRootBase/packageSetups/localSetup.sh cmake
+++ source /cvmfs/atlas.cern.ch/repo/ATLASLocalRootBase/utilities/checkAtlasLocalRoot.sh
++++ '[' -z /cvmfs/atlas.cern.ch/repo/ATLASLocalRootBase ']'
++++ '[' -z /afs/cern.ch/user/t/tofitsch/.alrb ']'
++++ '[' -z /tmp/tofitsch/tofitsch/.alrb ']'
+++++ echo /cvmfs/atlas.cern.ch/repo/ATLASLocalRootBase
+++++ sed 's/\/$//'
++++ alrb_tmpVal=/cvmfs/atlas.cern.ch/repo/ATLASLocalRootBase
++++ '[' /cvmfs/atlas.cern.ch/repo/ATLASLocalRootBase '!=' /cvmfs/atlas.cern.ch/repo/ATLASLocalRootBase ']'
+++++ /cvmfs/atlas.cern.ch/repo/ATLASLocalRootBase/utilities/getOSType.sh
++++ alrb_osInfo='Linux 9 8 el'
+++++ echo Linux 9 8 el
+++++ cut -f 1 -d ' '
++++ alrb_osType=Linux
++++ '[' -z ']'
++++ export ALRB_OSTYPE=Linux
++++ ALRB_OSTYPE=Linux
+++++ echo Linux 9 8 el
+++++ cut -f 2 -d ' '
++++ alrb_osMajorVer=9
++++ '[' -z ']'
++++ export ALRB_OSMAJORVER=9
++++ ALRB_OSMAJORVER=9
+++++ echo Linux 9 8 el
+++++ cut -f 4 -d ' '
++++ alrb_osFlavor=el
++++ '[' -z ']'
++++ export ALRB_OSFLAVOR=el
++++ ALRB_OSFLAVOR=el
++++ unset alrb_osInfo alrb_osType alrb_osMajorVer alrb_osFlavor
++++ '[' -z ']'
+++++ /cvmfs/atlas.cern.ch/repo/ATLASLocalRootBase/utilities/getArchType.sh
++++ ATLAS_LOCAL_ROOT_ARCH=x86_64
++++ ATLAS_LOCAL_ROOT=/cvmfs/atlas.cern.ch/repo/ATLASLocalRootBase/x86_64
++++ '[' '!' -e /cvmfs/atlas.cern.ch/repo/ATLASLocalRootBase/x86_64 ']'
++++ export ATLAS_LOCAL_ROOT
++++ export ATLAS_LOCAL_ROOT_ARCH
++++ '[' -z /cvmfs/atlas.cern.ch/repo ']'
++++ '[' -z /cvmfs/atlas-condb.cern.ch/repo ']'
++++ '[' -z /cvmfs/atlas-nightlies.cern.ch/repo ']'
++++ '[' -z /cvmfs/sft.cern.ch/lcg ']'
++++ '[' -z /cvmfs/sft-nightlies.cern.ch/lcg ']'
++++ '[' -z /cvmfs/unpacked.cern.ch ']'
++++ '[' -d /cvmfs/atlas.cern.ch/repo/sw ']'
++++ export ALRB_cvmfs_ALRB=/cvmfs/atlas.cern.ch/repo/ATLASLocalRootBase
++++ ALRB_cvmfs_ALRB=/cvmfs/atlas.cern.ch/repo/ATLASLocalRootBase
++++ export ALRB_cvmfs_Athena=/cvmfs/atlas.cern.ch/repo/sw/software
++++ ALRB_cvmfs_Athena=/cvmfs/atlas.cern.ch/repo/sw/software
++++ '[' -d /cvmfs/atlas-condb.cern.ch/repo/conditions ']'
++++ export ALRB_cvmfs_CDB=/cvmfs/atlas-condb.cern.ch/repo/conditions
++++ ALRB_cvmfs_CDB=/cvmfs/atlas-condb.cern.ch/repo/conditions
++++ ATLAS_LOCAL_ROOT_PACOPT=
++++ '[' -e /etc/issue ']'
+++++ grep 'CERN Virtual Machine' /etc/issue
++++ alrb_result=
++++ '[' 1 -eq 0 ']'
++++ '[' '!' -z ']'
++++ export ATLAS_LOCAL_ROOT_PACOPT
+++++ ps -o command= 779831
+++++ sed -e 's|^.*qemu-x86_64 ||g'
+++++ cut -f 1 -d ' '
++++ alrb_tmpVal=bash
+++++ echo bash
+++++ sed s/-//g
++++ export ALRB_SHELL=bash
++++ ALRB_SHELL=bash
++++ echo bash
++++ grep bash
++++ '[' 0 -eq 0 ']'
++++ export ALRB_SHELL=bash
++++ ALRB_SHELL=bash
++++ '[' Linux = Linux ']'
++++ export ALRB_RHVER=9
++++ ALRB_RHVER=9
++++ '[' -d /cvmfs/sft.cern.ch/lcg ']'
++++ export ALRB_SFT_LCG=/cvmfs/sft.cern.ch/lcg
++++ ALRB_SFT_LCG=/cvmfs/sft.cern.ch/lcg
++++ export ALRB_SFT_LCGEXT_MAP=/cvmfs/sft.cern.ch/lcg/mapfile.txt
++++ ALRB_SFT_LCGEXT_MAP=/cvmfs/sft.cern.ch/lcg/mapfile.txt
++++ '[' -d /cvmfs/sft-nightlies.cern.ch/lcg ']'
++++ export ALRB_SFTNIGHT_LCG=/cvmfs/sft-nightlies.cern.ch/lcg
++++ ALRB_SFTNIGHT_LCG=/cvmfs/sft-nightlies.cern.ch/lcg
+++++ uname -a
++++ export 'ALRB_infoUname=Linux lxplus925.cern.ch 5.14.0-611.55.1.el9_7.x86_64 #1 SMP PREEMPT_DYNAMIC Sat May 9 13:31:46 EDT 2026 x86_64 x86_64 x86_64 GNU/Linux'
++++ ALRB_infoUname='Linux lxplus925.cern.ch 5.14.0-611.55.1.el9_7.x86_64 #1 SMP PREEMPT_DYNAMIC Sat May 9 13:31:46 EDT 2026 x86_64 x86_64 x86_64 GNU/Linux'
++++ '[' Linux = Linux ']'
+++++ cat /proc/cpuinfo
+++++ grep -e 'model name'
+++++ sort -u
++++ export 'ALRB_infoProc=model name	: AMD EPYC-Milan Processor'
++++ ALRB_infoProc='model name	: AMD EPYC-Milan Processor'
++++ unset alrb_result alrb_tmpVal
+++ '[' -z 'views:LCG_102a:x86_64-centos9-gcc11-opt  rcsetup:00-04-18  acm:0.1.34 asetup:V03-01-31  ' ']'
+++ alrb_lsWorkdir=/tmp/tofitsch/tofitsch/.alrb/localSetup
+++ mkdir -p /tmp/tofitsch/tofitsch/.alrb/localSetup
+++ alrb_rc=0
+++ '[' 0 -ne 0 ']'
+++ '[' '!' -z ']'
+++ unset alrb_lsHistory
++++ mktemp -d /tmp/tofitsch/tofitsch/.alrb/localSetup/ls.XXXXXX
+++ alrb_lsWorkarea=/tmp/tofitsch/tofitsch/.alrb/localSetup/ls.7PWyPD
+++ touch /tmp/tofitsch/tofitsch/.alrb/localSetup/ls.7PWyPD/client.sh
++++ seq 1 2
+++ for alrb_pass in `seq 1 2`
+++ let alrb_lastPass=2
+++ export ALRB_clientShell=bash
+++ ALRB_clientShell=bash
++++ /cvmfs/atlas.cern.ch/repo/ATLASLocalRootBase/utilities/isGridSetup.sh
+++ alrb_gridType=none
+++ export ALRB_gridType=none
+++ ALRB_gridType=none
+++ '[' -z /tmp/tofitsch/tofitsch/.alrb/localSetup/ls.7PWyPD ']'
+++ '[' -e /tmp/tofitsch/tofitsch/.alrb/localSetup/ls.7PWyPD/finishedPass ']'
+++ '[' 1 -eq 2 ']'
+++ '[' '!' -z /cvmfs/sft.cern.ch/lcg/releases/java/8u312-80070/x86_64-centos9-gcc11-opt ']'
+++ '[' -e /cvmfs/sft.cern.ch/lcg/releases/java/8u312-80070/x86_64-centos9-gcc11-opt/bin/java ']'
+++ alrb_whichJava=/cvmfs/sft.cern.ch/lcg/releases/java/8u312-80070/x86_64-centos9-gcc11-opt/bin/java
+++ let alrb_rc=0
+++ '[' 0 -ne 0 ']'
+++ echo 'alrb_whichJava="/cvmfs/sft.cern.ch/lcg/releases/java/8u312-80070/x86_64-centos9-gcc11-opt/bin/java"'
++++ source /cvmfs/atlas.cern.ch/repo/ATLASLocalRootBase/utilities/getCurrentEnv.sh
+++++ alrb_currentEnv=
+++++ for alrb_pyName in python python2 python3
++++++ type python
+++++ alrb_type='python is /cvmfs/sft.cern.ch/lcg/views/LCG_102a/x86_64-centos9-gcc11-opt/bin/python'
+++++ '[' 0 -eq 0 ']'
+++++ echo python is /cvmfs/sft.cern.ch/lcg/views/LCG_102a/x86_64-centos9-gcc11-opt/bin/python
+++++ grep -e alias
+++++ '[' 1 -eq 0 ']'
++++++ python -V
++++++ awk '{print $2}'
+++++ alrb_version=3.9.12
++++++ uname -m
+++++ alrb_exeArch=x86_64
+++++ alrb_currentEnv=';python:ver=3.9.12:arch=x86_64:'
+++++ for alrb_pyName in python python2 python3
++++++ type python2
+++++ alrb_type='/cvmfs/atlas.cern.ch/repo/ATLASLocalRootBase/utilities/getCurrentEnv.sh: line 20: type: python2: not found'
+++++ '[' 1 -eq 0 ']'
+++++ for alrb_pyName in python python2 python3
++++++ type python3
+++++ alrb_type='python3 is /cvmfs/sft.cern.ch/lcg/views/LCG_102a/x86_64-centos9-gcc11-opt/bin/python3'
+++++ '[' 0 -eq 0 ']'
+++++ echo python3 is /cvmfs/sft.cern.ch/lcg/views/LCG_102a/x86_64-centos9-gcc11-opt/bin/python3
+++++ grep -e alias
+++++ '[' 1 -eq 0 ']'
++++++ python3 -V
++++++ awk '{print $2}'
+++++ alrb_version=3.9.12
++++++ uname -m
+++++ alrb_exeArch=x86_64
+++++ alrb_currentEnv=';python:ver=3.9.12:arch=x86_64:;python3:ver=3.9.12:arch=x86_64:'
+++++ '[' Linux = MacOSX ']'
++++++ gcc -dumpversion
+++++ alrb_version=11.3.0
+++++ '[' 0 -eq 0 ']'
+++++ alrb_currentEnv=';python:ver=3.9.12:arch=x86_64:;python3:ver=3.9.12:arch=x86_64:;gcc:ver=11.3.0:'
+++++ echo ';python:ver=3.9.12:arch=x86_64:;python3:ver=3.9.12:arch=x86_64:;gcc:ver=11.3.0:;'
+++++ unset alrb_version alrb_type alrb_exeArch alrb_currentEnv alrb_pyName
+++++ return 0
+++ alrb_preSetupEnv=';python:ver=3.9.12:arch=x86_64:;python3:ver=3.9.12:arch=x86_64:;gcc:ver=11.3.0:;'
+++ '[' 0 -ne 0 ']'
+++ echo 'alrb_preSetupEnv=";python:ver=3.9.12:arch=x86_64:;python3:ver=3.9.12:arch=x86_64:;gcc:ver=11.3.0:;"'
+++ rm -f /tmp/tofitsch/tofitsch/.alrb/localSetup/ls.7PWyPD/setupScript.sh
+++ /cvmfs/atlas.cern.ch/repo/ATLASLocalRootBase/utilities/validator.sh cmake -w /tmp/tofitsch/tofitsch/.alrb/localSetup/ls.7PWyPD -p Pass1
+++ alrb_rc=0
+++ '[' 0 -ne 0 ']'
+++ '[' -e /tmp/tofitsch/tofitsch/.alrb/localSetup/ls.7PWyPD/preSetupScript.sh ']'
+++ source /tmp/tofitsch/tofitsch/.alrb/localSetup/ls.7PWyPD/preSetupScript.sh
++++ alrb_Quiet=NO
++++ alrb_Force=NO
++++ alrb_SkipConfirm=NO
++++ echo '************************************************************************'
************************************************************************
++++ echo 'Requested:  cmake ... '
Requested:  cmake ... 
+++ '[' 0 -ne 0 ']'
+++ rm -f /tmp/tofitsch/tofitsch/.alrb/localSetup/ls.7PWyPD/preSetupScript.sh
+++ '[' -e /tmp/tofitsch/tofitsch/.alrb/localSetup/ls.7PWyPD/setupScript.sh ']'
+++ source /tmp/tofitsch/tofitsch/.alrb/localSetup/ls.7PWyPD/setupScript.sh
++++ alrb_Quiet=NO
++++ alrb_Force=NO
++++ alrb_SkipConfirm=NO
++++ printf ' Setting up \e[4mcmake 4.2.1\e[0m ... \n'
 Setting up [4mcmake 4.2.1[0m ... 
++++ source /cvmfs/atlas.cern.ch/repo/ATLASLocalRootBase/swConfig/cmake/setup-Linux.sh 4.2.1 ''
+++++ export ATLAS_LOCAL_CMAKE_VERSION=4.2.1
+++++ ATLAS_LOCAL_CMAKE_VERSION=4.2.1
++++++ find /cvmfs/atlas.cern.ch/repo/ATLASLocalRootBase/x86_64/Cmake/4.2.1 -type d -name bin
+++++ alrb_tmpVal=/cvmfs/atlas.cern.ch/repo/ATLASLocalRootBase/x86_64/Cmake/4.2.1/Linux-x86_64/bin
+++++ insertPath PATH /cvmfs/atlas.cern.ch/repo/ATLASLocalRootBase/x86_64/Cmake/4.2.1/Linux-x86_64/bin
+++++ eval test -z '"${PATH}"'
++++++ test -z /cvmfs/sft.cern.ch/lcg/views/LCG_102a/x86_64-centos9-gcc11-opt/scripts:/cvmfs/sft.cern.ch/lcg/views/LCG_102a/x86_64-centos9-gcc11-opt/bin:/cvmfs/sft.cern.ch/lcg/releases/gcc/11.3.0-ad0f5/x86_64-centos9/bin:/cvmfs/sft.cern.ch/lcg/releases/binutils/2.37-355ed/x86_64-centos9/bin:/afs/cern.ch/user/t/tofitsch/.nvm/versions/node/v20.17.0/bin:/afs/cern.ch/atlas/scripts:/usr/sue/bin:/usr/share/Modules/bin:/usr/condabin:/usr/lib64/ccache:/usr/local/bin:/usr/bin:/usr/local/sbin:/usr/sbin:/opt/puppetlabs/bin:/afs/cern.ch/user/t/tofitsch/.local/bin:/afs/cern.ch/user/t/tofitsch/bin
+++++ eval test -z '"${PATH##/cvmfs/atlas.cern.ch/repo/ATLASLocalRootBase/x86_64/Cmake/4.2.1/Linux-x86_64/bin}"' -o -z '"${PATH##*:/cvmfs/atlas.cern.ch/repo/ATLASLocalRootBase/x86_64/Cmake/4.2.1/Linux-x86_64/bin:*}"' -o -z '"${PATH%%*:/cvmfs/atlas.cern.ch/repo/ATLASLocalRootBase/x86_64/Cmake/4.2.1/Linux-x86_64/bin}"' -o -z '"${PATH##/cvmfs/atlas.cern.ch/repo/ATLASLocalRootBase/x86_64/Cmake/4.2.1/Linux-x86_64/bin:*}"'
++++++ test -z /cvmfs/sft.cern.ch/lcg/views/LCG_102a/x86_64-centos9-gcc11-opt/scripts:/cvmfs/sft.cern.ch/lcg/views/LCG_102a/x86_64-centos9-gcc11-opt/bin:/cvmfs/sft.cern.ch/lcg/releases/gcc/11.3.0-ad0f5/x86_64-centos9/bin:/cvmfs/sft.cern.ch/lcg/releases/binutils/2.37-355ed/x86_64-centos9/bin:/afs/cern.ch/user/t/tofitsch/.nvm/versions/node/v20.17.0/bin:/afs/cern.ch/atlas/scripts:/usr/sue/bin:/usr/share/Modules/bin:/usr/condabin:/usr/lib64/ccache:/usr/local/bin:/usr/bin:/usr/local/sbin:/usr/sbin:/opt/puppetlabs/bin:/afs/cern.ch/user/t/tofitsch/.local/bin:/afs/cern.ch/user/t/tofitsch/bin -o -z /cvmfs/sft.cern.ch/lcg/views/LCG_102a/x86_64-centos9-gcc11-opt/scripts:/cvmfs/sft.cern.ch/lcg/views/LCG_102a/x86_64-centos9-gcc11-opt/bin:/cvmfs/sft.cern.ch/lcg/releases/gcc/11.3.0-ad0f5/x86_64-centos9/bin:/cvmfs/sft.cern.ch/lcg/releases/binutils/2.37-355ed/x86_64-centos9/bin:/afs/cern.ch/user/t/tofitsch/.nvm/versions/node/v20.17.0/bin:/afs/cern.ch/atlas/scripts:/usr/sue/bin:/usr/share/Modules/bin:/usr/condabin:/usr/lib64/ccache:/usr/local/bin:/usr/bin:/usr/local/sbin:/usr/sbin:/opt/puppetlabs/bin:/afs/cern.ch/user/t/tofitsch/.local/bin:/afs/cern.ch/user/t/tofitsch/bin -o -z /cvmfs/sft.cern.ch/lcg/views/LCG_102a/x86_64-centos9-gcc11-opt/scripts:/cvmfs/sft.cern.ch/lcg/views/LCG_102a/x86_64-centos9-gcc11-opt/bin:/cvmfs/sft.cern.ch/lcg/releases/gcc/11.3.0-ad0f5/x86_64-centos9/bin:/cvmfs/sft.cern.ch/lcg/releases/binutils/2.37-355ed/x86_64-centos9/bin:/afs/cern.ch/user/t/tofitsch/.nvm/versions/node/v20.17.0/bin:/afs/cern.ch/atlas/scripts:/usr/sue/bin:/usr/share/Modules/bin:/usr/condabin:/usr/lib64/ccache:/usr/local/bin:/usr/bin:/usr/local/sbin:/usr/sbin:/opt/puppetlabs/bin:/afs/cern.ch/user/t/tofitsch/.local/bin:/afs/cern.ch/user/t/tofitsch/bin -o -z /cvmfs/sft.cern.ch/lcg/views/LCG_102a/x86_64-centos9-gcc11-opt/scripts:/cvmfs/sft.cern.ch/lcg/views/LCG_102a/x86_64-centos9-gcc11-opt/bin:/cvmfs/sft.cern.ch/lcg/releases/gcc/11.3.0-ad0f5/x86_64-centos9/bin:/cvmfs/sft.cern.ch/lcg/releases/binutils/2.37-355ed/x86_64-centos9/bin:/afs/cern.ch/user/t/tofitsch/.nvm/versions/node/v20.17.0/bin:/afs/cern.ch/atlas/scripts:/usr/sue/bin:/usr/share/Modules/bin:/usr/condabin:/usr/lib64/ccache:/usr/local/bin:/usr/bin:/usr/local/sbin:/usr/sbin:/opt/puppetlabs/bin:/afs/cern.ch/user/t/tofitsch/.local/bin:/afs/cern.ch/user/t/tofitsch/bin
+++++ local alrb_thePath=PATH
+++++ local 'alrb_cmd=\echo $PATH'
++++++ eval '\echo' '$PATH'
+++++++ echo /cvmfs/sft.cern.ch/lcg/views/LCG_102a/x86_64-centos9-gcc11-opt/scripts:/cvmfs/sft.cern.ch/lcg/views/LCG_102a/x86_64-centos9-gcc11-opt/bin:/cvmfs/sft.cern.ch/lcg/releases/gcc/11.3.0-ad0f5/x86_64-centos9/bin:/cvmfs/sft.cern.ch/lcg/releases/binutils/2.37-355ed/x86_64-centos9/bin:/afs/cern.ch/user/t/tofitsch/.nvm/versions/node/v20.17.0/bin:/afs/cern.ch/atlas/scripts:/usr/sue/bin:/usr/share/Modules/bin:/usr/condabin:/usr/lib64/ccache:/usr/local/bin:/usr/bin:/usr/local/sbin:/usr/sbin:/opt/puppetlabs/bin:/afs/cern.ch/user/t/tofitsch/.local/bin:/afs/cern.ch/user/t/tofitsch/bin
+++++ local alrb_thePathVal=/cvmfs/sft.cern.ch/lcg/views/LCG_102a/x86_64-centos9-gcc11-opt/scripts:/cvmfs/sft.cern.ch/lcg/views/LCG_102a/x86_64-centos9-gcc11-opt/bin:/cvmfs/sft.cern.ch/lcg/releases/gcc/11.3.0-ad0f5/x86_64-centos9/bin:/cvmfs/sft.cern.ch/lcg/releases/binutils/2.37-355ed/x86_64-centos9/bin:/afs/cern.ch/user/t/tofitsch/.nvm/versions/node/v20.17.0/bin:/afs/cern.ch/atlas/scripts:/usr/sue/bin:/usr/share/Modules/bin:/usr/condabin:/usr/lib64/ccache:/usr/local/bin:/usr/bin:/usr/local/sbin:/usr/sbin:/opt/puppetlabs/bin:/afs/cern.ch/user/t/tofitsch/.local/bin:/afs/cern.ch/user/t/tofitsch/bin
+++++ eval 'PATH="/cvmfs/atlas.cern.ch/repo/ATLASLocalRootBase/x86_64/Cmake/4.2.1/Linux-x86_64/bin:/cvmfs/sft.cern.ch/lcg/views/LCG_102a/x86_64-centos9-gcc11-opt/scripts:/cvmfs/sft.cern.ch/lcg/views/LCG_102a/x86_64-centos9-gcc11-opt/bin:/cvmfs/sft.cern.ch/lcg/releases/gcc/11.3.0-ad0f5/x86_64-centos9/bin:/cvmfs/sft.cern.ch/lcg/releases/binutils/2.37-355ed/x86_64-centos9/bin:/afs/cern.ch/user/t/tofitsch/.nvm/versions/node/v20.17.0/bin:/afs/cern.ch/atlas/scripts:/usr/sue/bin:/usr/share/Modules/bin:/usr/condabin:/usr/lib64/ccache:/usr/local/bin:/usr/bin:/usr/local/sbin:/usr/sbin:/opt/puppetlabs/bin:/afs/cern.ch/user/t/tofitsch/.local/bin:/afs/cern.ch/user/t/tofitsch/bin"'
++++++ PATH=/cvmfs/atlas.cern.ch/repo/ATLASLocalRootBase/x86_64/Cmake/4.2.1/Linux-x86_64/bin:/cvmfs/sft.cern.ch/lcg/views/LCG_102a/x86_64-centos9-gcc11-opt/scripts:/cvmfs/sft.cern.ch/lcg/views/LCG_102a/x86_64-centos9-gcc11-opt/bin:/cvmfs/sft.cern.ch/lcg/releases/gcc/11.3.0-ad0f5/x86_64-centos9/bin:/cvmfs/sft.cern.ch/lcg/releases/binutils/2.37-355ed/x86_64-centos9/bin:/afs/cern.ch/user/t/tofitsch/.nvm/versions/node/v20.17.0/bin:/afs/cern.ch/atlas/scripts:/usr/sue/bin:/usr/share/Modules/bin:/usr/condabin:/usr/lib64/ccache:/usr/local/bin:/usr/bin:/usr/local/sbin:/usr/sbin:/opt/puppetlabs/bin:/afs/cern.ch/user/t/tofitsch/.local/bin:/afs/cern.ch/user/t/tofitsch/bin
+++++ export PATH
+++++ unset alrb_tmpVal
+++ '[' 0 -ne 0 ']'
+++ for alrb_pass in `seq 1 2`
+++ let alrb_lastPass=2
+++ export ALRB_clientShell=bash
+++ ALRB_clientShell=bash
++++ /cvmfs/atlas.cern.ch/repo/ATLASLocalRootBase/utilities/isGridSetup.sh
+++ alrb_gridType=none
+++ export ALRB_gridType=none
+++ ALRB_gridType=none
+++ '[' -z /tmp/tofitsch/tofitsch/.alrb/localSetup/ls.7PWyPD ']'
+++ '[' -e /tmp/tofitsch/tofitsch/.alrb/localSetup/ls.7PWyPD/finishedPass ']'
+++ continue
+++ '[' -e /tmp/tofitsch/tofitsch/.alrb/localSetup/ls.7PWyPD/postSetupScript.sh ']'
++++ source /cvmfs/atlas.cern.ch/repo/ATLASLocalRootBase/utilities/getCurrentEnv.sh
+++++ alrb_currentEnv=
+++++ for alrb_pyName in python python2 python3
++++++ type python
+++++ alrb_type='python is /cvmfs/sft.cern.ch/lcg/views/LCG_102a/x86_64-centos9-gcc11-opt/bin/python'
+++++ '[' 0 -eq 0 ']'
+++++ echo python is /cvmfs/sft.cern.ch/lcg/views/LCG_102a/x86_64-centos9-gcc11-opt/bin/python
+++++ grep -e alias
+++++ '[' 1 -eq 0 ']'
++++++ python -V
++++++ awk '{print $2}'
+++++ alrb_version=3.9.12
++++++ uname -m
+++++ alrb_exeArch=x86_64
+++++ alrb_currentEnv=';python:ver=3.9.12:arch=x86_64:'
+++++ for alrb_pyName in python python2 python3
++++++ type python2
+++++ alrb_type='/cvmfs/atlas.cern.ch/repo/ATLASLocalRootBase/utilities/getCurrentEnv.sh: line 20: type: python2: not found'
+++++ '[' 1 -eq 0 ']'
+++++ for alrb_pyName in python python2 python3
++++++ type python3
+++++ alrb_type='python3 is /cvmfs/sft.cern.ch/lcg/views/LCG_102a/x86_64-centos9-gcc11-opt/bin/python3'
+++++ '[' 0 -eq 0 ']'
+++++ echo python3 is /cvmfs/sft.cern.ch/lcg/views/LCG_102a/x86_64-centos9-gcc11-opt/bin/python3
+++++ grep -e alias
+++++ '[' 1 -eq 0 ']'
++++++ python3 -V
++++++ awk '{print $2}'
+++++ alrb_version=3.9.12
++++++ uname -m
+++++ alrb_exeArch=x86_64
+++++ alrb_currentEnv=';python:ver=3.9.12:arch=x86_64:;python3:ver=3.9.12:arch=x86_64:'
+++++ '[' Linux = MacOSX ']'
++++++ gcc -dumpversion
+++++ alrb_version=11.3.0
+++++ '[' 0 -eq 0 ']'
+++++ alrb_currentEnv=';python:ver=3.9.12:arch=x86_64:;python3:ver=3.9.12:arch=x86_64:;gcc:ver=11.3.0:'
+++++ echo ';python:ver=3.9.12:arch=x86_64:;python3:ver=3.9.12:arch=x86_64:;gcc:ver=11.3.0:;'
+++++ unset alrb_version alrb_type alrb_exeArch alrb_currentEnv alrb_pyName
+++++ return 0
+++ alrb_postSetupEnv=';python:ver=3.9.12:arch=x86_64:;python3:ver=3.9.12:arch=x86_64:;gcc:ver=11.3.0:;'
+++ '[' 0 -ne 0 ']'
+++ '[' '!' -z /cvmfs/sft.cern.ch/lcg/releases/java/8u312-80070/x86_64-centos9-gcc11-opt ']'
+++ '[' -e /cvmfs/sft.cern.ch/lcg/releases/java/8u312-80070/x86_64-centos9-gcc11-opt/bin/java ']'
+++ alrb_whichJava=/cvmfs/sft.cern.ch/lcg/releases/java/8u312-80070/x86_64-centos9-gcc11-opt/bin/java
+++ alrb_currentJavaVersion=
+++ '[' /cvmfs/sft.cern.ch/lcg/releases/java/8u312-80070/x86_64-centos9-gcc11-opt/bin/java '!=' '' ']'
++++ /cvmfs/sft.cern.ch/lcg/releases/java/8u312-80070/x86_64-centos9-gcc11-opt/bin/java -version
+++ alrb_tmpVal='openjdk version "1.8.0_312"
OpenJDK Runtime Environment (build 1.8.0_312-b07)
OpenJDK 64-Bit Server VM (build 25.312-b07, mixed mode)'
+++ '[' 0 -eq 0 ']'
++++ echo openjdk version '"1.8.0_312"' OpenJDK Runtime Environment '(build' '1.8.0_312-b07)' OpenJDK 64-Bit Server VM '(build' 25.312-b07, mixed 'mode)'
++++ grep -e 'openjdk version' -e 'java version'
++++ sed 's/.* version "\(.*\)".*/\1/g'
+++ alrb_currentJavaVersion=1.8.0_312
+++ source /tmp/tofitsch/tofitsch/.alrb/localSetup/ls.7PWyPD/postSetupScript.sh
++++ echo '>>>>>>>>>>>>>>>>>>>>>>>>> Information for user <<<<<<<<<<<<<<<<<<<<<<<<<'
>>>>>>>>>>>>>>>>>>>>>>>>> Information for user <<<<<<<<<<<<<<<<<<<<<<<<<
++++ alrb_Quiet=NO
++++ alrb_Force=NO
++++ alrb_SkipConfirm=NO
++++ ALRB_requestedVersions='cmake:4.2.1  views:LCG_102a:x86_64-centos9-gcc11-opt  rcsetup:00-04-18  acm:0.1.34 asetup:V03-01-31  '
++++ echo '************************************************************************'
************************************************************************
++++ unset alrb_Quiet alrb_SkipConfirm alrb_Force
+++ '[' 0 -ne 0 ']'
+++ export ALRB_requestedVersions
+++ rm -rf /tmp/tofitsch/tofitsch/.alrb/localSetup/ls.7PWyPD
+++ unset alrb_lsWorkdir alrb_lsWorkarea alrb_item alrb_tool alrb_toolVersion alrb_postSetupEnv alrb_preSetupEnv alrb_gridType alrb_whichJava alrb_pass alrb_lastPass alrb_rc alrb_tmpVal alrb_currentJavaVersion alrb_tmpValN
+++ return 0
++ return 0
++ ulimit -S -s unlimited
++ '[' ']'
++ export _DIRFIT=/afs/cern.ch/work/t/tofitsch/harry/FrequentistFramework/quickFit
++ _DIRFIT=/afs/cern.ch/work/t/tofitsch/harry/FrequentistFramework/quickFit
++ export _BIN_PATH=/afs/cern.ch/work/t/tofitsch/harry/FrequentistFramework/quickFit/bin
++ _BIN_PATH=/afs/cern.ch/work/t/tofitsch/harry/FrequentistFramework/quickFit/bin
++ export _LIB_PATH=/afs/cern.ch/work/t/tofitsch/harry/FrequentistFramework/quickFit/lib
++ _LIB_PATH=/afs/cern.ch/work/t/tofitsch/harry/FrequentistFramework/quickFit/lib
+++ which root-config
+++ alias
+++ /usr/bin/which --tty-only --read-alias --read-functions --show-tilde --show-dot root-config
+++ eval declare -f
++++ declare -f
++ [[ /cvmfs/sft.cern.ch/lcg/views/LCG_102a/x86_64-centos9-gcc11-opt/bin/root-config == '' ]]
+++ root-config --platform
++ [[ linux == \m\a\c\o\s\x ]]
++ export LD_LIBRARY_PATH=/afs/cern.ch/work/t/tofitsch/harry/FrequentistFramework/quickFit/lib:/cvmfs/sft.cern.ch/lcg/releases/MCGenerators/thepeg/2.2.3-0357d/x86_64-centos9-gcc11-opt/lib/ThePEG:/cvmfs/sft.cern.ch/lcg/releases/MCGenerators/herwig++/7.2.3-33079/x86_64-centos9-gcc11-opt/lib/Herwig:/cvmfs/sft.cern.ch/lcg/views/LCG_102a/x86_64-centos9-gcc11-opt/lib/python3.9/site-packages/jaxlib/mlir/_mlir_libs:/cvmfs/sft.cern.ch/lcg/views/LCG_102a/x86_64-centos9-gcc11-opt/lib/python3.9/site-packages/torch/lib:/cvmfs/sft.cern.ch/lcg/views/LCG_102a/x86_64-centos9-gcc11-opt/lib/python3.9/site-packages/onnxruntime/capi/:/cvmfs/sft.cern.ch/lcg/views/LCG_102a/x86_64-centos9-gcc11-opt/lib/python3.9/site-packages/tensorflow:/cvmfs/sft.cern.ch/lcg/views/LCG_102a/x86_64-centos9-gcc11-opt/lib/python3.9/site-packages/tensorflow/contrib/tensor_forest:/cvmfs/sft.cern.ch/lcg/views/LCG_102a/x86_64-centos9-gcc11-opt/lib/python3.9/site-packages/tensorflow/python/framework:/cvmfs/sft.cern.ch/lcg/releases/java/8u312-80070/x86_64-centos9-gcc11-opt/jre/lib/amd64:/cvmfs/sft.cern.ch/lcg/views/LCG_102a/x86_64-centos9-gcc11-opt/lib64:/cvmfs/sft.cern.ch/lcg/views/LCG_102a/x86_64-centos9-gcc11-opt/lib:/cvmfs/sft.cern.ch/lcg/releases/gcc/11.3.0-ad0f5/x86_64-centos9/lib:/cvmfs/sft.cern.ch/lcg/releases/gcc/11.3.0-ad0f5/x86_64-centos9/lib64:/cvmfs/sft.cern.ch/lcg/releases/binutils/2.37-355ed/x86_64-centos9/lib:/cvmfs/sft.cern.ch/lcg/releases/R/4.1.2-7ed8f/x86_64-centos9-gcc11-opt/lib64/R/library/readr/rcon
++ LD_LIBRARY_PATH=/afs/cern.ch/work/t/tofitsch/harry/FrequentistFramework/quickFit/lib:/cvmfs/sft.cern.ch/lcg/releases/MCGenerators/thepeg/2.2.3-0357d/x86_64-centos9-gcc11-opt/lib/ThePEG:/cvmfs/sft.cern.ch/lcg/releases/MCGenerators/herwig++/7.2.3-33079/x86_64-centos9-gcc11-opt/lib/Herwig:/cvmfs/sft.cern.ch/lcg/views/LCG_102a/x86_64-centos9-gcc11-opt/lib/python3.9/site-packages/jaxlib/mlir/_mlir_libs:/cvmfs/sft.cern.ch/lcg/views/LCG_102a/x86_64-centos9-gcc11-opt/lib/python3.9/site-packages/torch/lib:/cvmfs/sft.cern.ch/lcg/views/LCG_102a/x86_64-centos9-gcc11-opt/lib/python3.9/site-packages/onnxruntime/capi/:/cvmfs/sft.cern.ch/lcg/views/LCG_102a/x86_64-centos9-gcc11-opt/lib/python3.9/site-packages/tensorflow:/cvmfs/sft.cern.ch/lcg/views/LCG_102a/x86_64-centos9-gcc11-opt/lib/python3.9/site-packages/tensorflow/contrib/tensor_forest:/cvmfs/sft.cern.ch/lcg/views/LCG_102a/x86_64-centos9-gcc11-opt/lib/python3.9/site-packages/tensorflow/python/framework:/cvmfs/sft.cern.ch/lcg/releases/java/8u312-80070/x86_64-centos9-gcc11-opt/jre/lib/amd64:/cvmfs/sft.cern.ch/lcg/views/LCG_102a/x86_64-centos9-gcc11-opt/lib64:/cvmfs/sft.cern.ch/lcg/views/LCG_102a/x86_64-centos9-gcc11-opt/lib:/cvmfs/sft.cern.ch/lcg/releases/gcc/11.3.0-ad0f5/x86_64-centos9/lib:/cvmfs/sft.cern.ch/lcg/releases/gcc/11.3.0-ad0f5/x86_64-centos9/lib64:/cvmfs/sft.cern.ch/lcg/releases/binutils/2.37-355ed/x86_64-centos9/lib:/cvmfs/sft.cern.ch/lcg/releases/R/4.1.2-7ed8f/x86_64-centos9-gcc11-opt/lib64/R/library/readr/rcon
++ export PATH=/afs/cern.ch/work/t/tofitsch/harry/FrequentistFramework/quickFit/bin:/cvmfs/atlas.cern.ch/repo/ATLASLocalRootBase/x86_64/Cmake/4.2.1/Linux-x86_64/bin:/cvmfs/sft.cern.ch/lcg/views/LCG_102a/x86_64-centos9-gcc11-opt/scripts:/cvmfs/sft.cern.ch/lcg/views/LCG_102a/x86_64-centos9-gcc11-opt/bin:/cvmfs/sft.cern.ch/lcg/releases/gcc/11.3.0-ad0f5/x86_64-centos9/bin:/cvmfs/sft.cern.ch/lcg/releases/binutils/2.37-355ed/x86_64-centos9/bin:/afs/cern.ch/user/t/tofitsch/.nvm/versions/node/v20.17.0/bin:/afs/cern.ch/atlas/scripts:/usr/sue/bin:/usr/share/Modules/bin:/usr/condabin:/usr/lib64/ccache:/usr/local/bin:/usr/bin:/usr/local/sbin:/usr/sbin:/opt/puppetlabs/bin:/afs/cern.ch/user/t/tofitsch/.local/bin:/afs/cern.ch/user/t/tofitsch/bin
++ PATH=/afs/cern.ch/work/t/tofitsch/harry/FrequentistFramework/quickFit/bin:/cvmfs/atlas.cern.ch/repo/ATLASLocalRootBase/x86_64/Cmake/4.2.1/Linux-x86_64/bin:/cvmfs/sft.cern.ch/lcg/views/LCG_102a/x86_64-centos9-gcc11-opt/scripts:/cvmfs/sft.cern.ch/lcg/views/LCG_102a/x86_64-centos9-gcc11-opt/bin:/cvmfs/sft.cern.ch/lcg/releases/gcc/11.3.0-ad0f5/x86_64-centos9/bin:/cvmfs/sft.cern.ch/lcg/releases/binutils/2.37-355ed/x86_64-centos9/bin:/afs/cern.ch/user/t/tofitsch/.nvm/versions/node/v20.17.0/bin:/afs/cern.ch/atlas/scripts:/usr/sue/bin:/usr/share/Modules/bin:/usr/condabin:/usr/lib64/ccache:/usr/local/bin:/usr/bin:/usr/local/sbin:/usr/sbin:/opt/puppetlabs/bin:/afs/cern.ch/user/t/tofitsch/.local/bin:/afs/cern.ch/user/t/tofitsch/bin
+ rm -rf build
+ mkdir build
+ cd build
+ cmake -DCMAKE_POLICY_VERSION_MINIMUM=3.5 ..
CMake Deprecation Warning at CMakeLists.txt:3 (cmake_minimum_required):
  Compatibility with CMake < 3.10 will be removed from a future version of
  CMake.

  Update the VERSION argument <min> value.  Or, use the <min>...<max> syntax
  to tell CMake that the project requires at least <min> but has been updated
  to work with policies introduced by <max> or earlier.


-- The C compiler identification is GNU 11.3.0
-- The CXX compiler identification is GNU 11.3.0
-- Detecting C compiler ABI info
-- Detecting C compiler ABI info - done
-- Check for working C compiler: /cvmfs/sft.cern.ch/lcg/releases/gcc/11.3.0-ad0f5/x86_64-centos9/bin/gcc - skipped
-- Detecting C compile features
-- Detecting C compile features - done
-- Detecting CXX compiler ABI info
-- Detecting CXX compiler ABI info - done
-- Check for working CXX compiler: /cvmfs/sft.cern.ch/lcg/releases/gcc/11.3.0-ad0f5/x86_64-centos9/bin/g++ - skipped
-- Detecting CXX compile features
-- Detecting CXX compile features - done
-- Found nlohmann_json: /cvmfs/sft.cern.ch/lcg/views/LCG_102a/x86_64-centos9-gcc11-opt/lib64/cmake/nlohmann_json/nlohmann_jsonConfig.cmake (found suitable version "3.10.5", minimum required is "3.10.5")
CMake Deprecation Warning at /cvmfs/sft.cern.ch/lcg/releases/ROOT/6.26.08-69213/x86_64-centos9-gcc11-opt/cmake/ROOTUseFile.cmake:1 (cmake_minimum_required):
  Compatibility with CMake < 3.10 will be removed from a future version of
  CMake.

  Update the VERSION argument <min> value.  Or, use the <min>...<max> syntax
  to tell CMake that the project requires at least <min> but has been updated
  to work with policies introduced by <max> or earlier.
Call Stack (most recent call first):
  CMakeLists.txt:24 (include)


using ROOT use file /cvmfs/sft.cern.ch/lcg/releases/ROOT/6.26.08-69213/x86_64-centos9-gcc11-opt/cmake/ROOTUseFile.cmake
CMake Warning (dev) at CMakeLists.txt:33 (find_package):
  Policy CMP0167 is not set: The FindBoost module is removed.  Run "cmake
  --help-policy CMP0167" for policy details.  Use the cmake_policy command to
  set the policy and suppress this warning.

This warning is for project developers.  Use -Wno-dev to suppress it.

-- Found Boost: /cvmfs/sft.cern.ch/lcg/views/LCG_102a/x86_64-centos9-gcc11-opt/lib/cmake/Boost-1.78.0/BoostConfig.cmake (found version "1.78.0") found components: program_options
-- Configuring done (2.1s)
-- Generating done (0.6s)
-- Build files have been written to: /afs/cern.ch/work/t/tofitsch/harry/FrequentistFramework/quickFit/build
+ make -j4
[  5%] Generating G__quick.cxx, libquick_rdict.pcm, libquick.rootmap
[ 15%] Building CXX object CMakeFiles/quick.dir/src/fitTool.cxx.o
[ 20%] Building CXX object CMakeFiles/quick.dir/src/limitTool.cxx.o
[ 25%] Building CXX object CMakeFiles/quick.dir/src/auxUtils.cxx.o
[ 25%] Building CXX object CMakeFiles/quick.dir/src/asimovTool.cxx.o
[ 30%] Building CXX object CMakeFiles/quick.dir/src/utils.cxx.o
[ 35%] Building CXX object CMakeFiles/quick.dir/G__quick.cxx.o
[ 40%] Linking CXX shared library libquick.so
[ 40%] Built target quick
[ 45%] Building CXX object CMakeFiles/quickFit.dir/app/quickFit.cxx.o
[ 50%] Building CXX object CMakeFiles/quickAsimov.dir/app/quickAsimov.cxx.o
[ 55%] Building CXX object CMakeFiles/quickLimit.dir/app/quickLimit.cxx.o
[ 60%] Building CXX object CMakeFiles/quickPull.dir/app/quickPull.cxx.o
[ 65%] Linking CXX executable quickAsimov
[ 65%] Built target quickAsimov
[ 70%] Building CXX object CMakeFiles/quickRebin.dir/app/quickRebin.cxx.o
[ 75%] Linking CXX executable quickLimit
[ 80%] Linking CXX executable quickFit
[ 85%] Linking CXX executable quickPull
[ 85%] Built target quickLimit
[ 90%] Building CXX object CMakeFiles/quickToy.dir/app/quickToy.cxx.o
[ 90%] Built target quickFit
[ 90%] Built target quickPull
[ 95%] Linking CXX executable quickRebin
[ 95%] Built target quickRebin
[100%] Linking CXX executable quickToy
[100%] Built target quickToy
